MicrobeID	NCBI Taxonomy ID	Strain
Abiotrophia_defectiva_ATCC_49176	592010	Abiotrophia defectiva ATCC 49176
Achromobacter_xylosoxidans_A8	762376	Achromobacter xylosoxidans A8
Achromobacter_xylosoxidans_NBRC_15126	1216976	Achromobacter xylosoxidans NBRC 15126 = ATCC 27061
Acidaminococcus_fermentans_DSM_20731	591001	Acidaminococcus fermentans DSM 20731
Acidaminococcus_intestini_RyC_MR95	568816	Acidaminococcus intestini RyC-MR95
Acidaminococcus_sp_D21	904	Acidaminococcus
Acinetobacter_baumannii_AB0057	480119	Acinetobacter baumannii AB0057
Acinetobacter_calcoaceticus_PHEA_2	871585	Acinetobacter pittii PHEA-2
Acinetobacter_haemolyticus_NIPH_261	1217986	Acinetobacter haemolyticus NIPH 261
Acinetobacter_johnsonii_SH046	575586	Acinetobacter johnsonii SH046
Acinetobacter_junii_SH205	575587	Acinetobacter junii SH205
Acinetobacter_lwoffii_WJ10621	1046625	Acinetobacter lwoffii WJ10621
Acinetobacter_pittii_ANC_4052	1217689	Acinetobacter pittii ANC 4052
Acinetobacter_radioresistens_NIPH_2130	1217674	Acinetobacter radioresistens NIPH 2130
Actinobacillus_pleuropneumoniae_L20	416269	Actinobacillus pleuropneumoniae serovar 5b str. L20
Actinomyces_cardiffensis_F0333	888050	Schaalia cardiffensis F0333
Actinomyces_georgiae_DSM_6843	1120942	Schaalia georgiae DSM 6843
Actinomyces_graevenitzii_C83	435830	Actinomyces graevenitzii C83
Actinomyces_naeslundii_str_Howell_279	1115803	Actinomyces naeslundii str. Howell 279
Actinomyces_odontolyticus_ATCC_17982	411466	Schaalia odontolytica ATCC 17982
Actinomyces_oris_K20	871541	Actinomyces oris K20
Actinomyces_turicensis_ACS_279_V_Col4	883077	Schaalia turicensis ACS-279-V-Col4
Actinomyces_urogenitalis_DSM_15434	525246	Actinomyces urogenitalis DSM 15434
Actinomyces_viscosus_C505	562973	Actinomyces viscosus C505
Adlercreutzia_equolifaciens_DSM_19450	1384484	Adlercreutzia equolifaciens DSM 19450
Aerococcus_viridans_ATCC_11563	655812	Aerococcus viridans ATCC 11563 = CCUG 4311
Aeromonas_caviae_Ae398	878320	Aeromonas caviae Ae398
Aeromonas_hydrophila_subsp_hydrophila_ATCC_7966	380703	Aeromonas hydrophila subsp. hydrophila ATCC 7966
Aeromonas_jandaei_Riv2	1458276	Aeromonas jandaei Riv2
Aeromonas_media_WS	1208104	Aeromonas media WS
Aeromonas_veronii_B565	998088	Aeromonas veronii B565
Afipia_birgiae_34632	1197906	Afipia birgiae 34632
Aggregatibacter_aphrophilus_NJ8700	634176	Aggregatibacter aphrophilus NJ8700
Agrobacterium_tumefaciens_F2	1050720	Agrobacterium tumefaciens F2
Akkermansia_muciniphila_ATCC_BAA_835	349741	Akkermansia muciniphila ATCC BAA-835
Alcaligenes_faecalis_subsp_faecalis_NBRC_13111	1218102	Alcaligenes faecalis subsp. faecalis NBRC 13111
Alcaligenes_faecalis_subsp_faecalis_NCIB_8687	1156918	Alcaligenes faecalis subsp. faecalis NCIB 8687
Alistipes_finegoldii_DSM_17242	679935	Alistipes finegoldii DSM 17242
Alistipes_indistinctus_YIT_12060	742725	Alistipes indistinctus YIT 12060
Alistipes_onderdonkii_DSM_19147	1203611	Alistipes onderdonkii WAL 8169 = DSM 19147
Alistipes_putredinis_DSM_17216	445970	Alistipes putredinis DSM 17216
Alistipes_shahii_WAL_8301	717959	Alistipes shahii WAL 8301
Alloprevotella_tannerae_ATCC_51259	626522	Alloprevotella tannerae ATCC 51259
Anaerobaculum_hydrogeniformans_OS1_ATCC_BAA_1850	649746	Acetomicrobium hydrogeniformans
Anaerobiospirillum_succiniciproducens_DSM_640001	1120988	Anaerobiospirillum succiniciproducens DSM 6400
Anaerococcus_hydrogenalis_DSM_7454	561177	Anaerococcus hydrogenalis DSM 7454
Anaerococcus_prevotii_DSM_20548	525919	Anaerococcus prevotii DSM 20548
Anaerococcus_vaginalis_ATCC_51170	655811	Anaerococcus vaginalis ATCC 51170
Anaerofustis_stercorihominis_DSM_17244	445971	Anaerofustis stercorihominis DSM 17244
Anaerostipes_caccae_DSM_14662	411490	Anaerostipes caccae L1-92
Anaerostipes_hadrus_DSM_3319	649757	Anaerostipes hadrus DSM 3319
Anaerostipes_sp_3_2_56FAA	207244	Anaerostipes
Anaerotruncus_colihominis_DSM_17241	445972	Anaerotruncus colihominis DSM 17241
Aneurinibacillus_aneurinilyticus_ATCC_12856	649747	Aneurinibacillus aneurinilyticus ATCC 12856
Arcanobacterium_haemolyticum_DSM_20595	644284	Arcanobacterium haemolyticum DSM 20595
Arcobacter_butzleri_RM4018	367737	Aliarcobacter butzleri RM4018
Arthrobacter_castelli_DSM_16402	1121019	Arthrobacter castelli DSM 16402
Atopobium_minutum_10063974	997872	Atopobium minutum 10063974
Atopobium_parvulum_DSM_20469	521095	Lancefieldella parvulum DSM 20469
Atopobium_rimae_ATCC_49626	553184	Lancefieldella rimae ATCC 49626
Bacillus_altitudinis_41KF2b	1178544	Bacillus altitudinis 41KF2b
Bacillus_amyloliquefaciens_DSM7	692420	Bacillus amyloliquefaciens DSM 7 = ATCC 23350
Bacillus_amyloliquefaciens_subsp_amyloliquefaciens_DC_12	1198291	Bacillus amyloliquefaciens DC-12
Bacillus_atrophaeus_ATCC_49822_1	743710	Bacillus atrophaeus ATCC 49822-1
Bacillus_cereus_AH187_F4810_72	405534	Bacillus cereus AH187
Bacillus_cereus_G9842	405531	Bacillus cereus G9842
Bacillus_clausii_KSM_K16	66692	Alkalihalobacillus clausii KSM-K16
Bacillus_endophyticus_2102	1196029	Priestia endophytica 2102
Bacillus_firmus_DS1	1307436	Cytobacillus firmus DS1
Bacillus_flexus_27Col1_1E	1292043	Priestia flexa 27Col1.1E
Bacillus_fordii_DSM_16014	1121090	Siminovitchia fordii DSM 16014 = CIP 108821
Bacillus_halodurans_C_125	272558	Alkalihalobacillus halodurans C-125
Bacillus_infantis_NRRL_B_14911	1367477	Bacillus infantis NRRL B-14911
Bacillus_licheniformis_ATCC_14580	279010	Bacillus licheniformis DSM 13 = ATCC 14580
Bacillus_megaterium_DSM319	592022	Priestia megaterium DSM 319
Bacillus_mojavensis_RO_H_1	1051501	Bacillus mojavensis RO-H-1 = KCTC 3706
Bacillus_mycoides_DSM_2048	526997	Bacillus mycoides DSM 2048
Bacillus_nealsonii_AAU1	1202533	Niallia nealsonii AAU1
Bacillus_pseudofirmus_OF4	398511	Alkalihalophilus pseudofirmus OF4
Bacillus_pumilus_ATCC_7061	536229	Bacillus pumilus ATCC 7061
Bacillus_sonorensis_L12	1274524	Bacillus sonorensis L12
Bacillus_subtilis_str_168	224308	Bacillus subtilis subsp. subtilis str. 168
Bacillus_thuringiensis_serovar_thuringiensis_str_T01001	527025	Bacillus thuringiensis serovar thuringiensis str. T01001
Bacillus_timonensis_10403023	1033734	Bacillus timonensis
Bacillus_vallismortis_DV1_F_3	1051502	Bacillus vallismortis DV1-F-3
Bacteroides_caccae_ATCC_43185	411901	Bacteroides caccae ATCC 43185
Bacteroides_cellulosilyticus_DSM_14838	537012	Bacteroides cellulosilyticus DSM 14838
Bacteroides_clarus_YIT_12056	762984	Bacteroides clarus YIT 12056
Bacteroides_coprocola_M16_DSM_17136	470145	Phocaeicola coprocola DSM 17136
Bacteroides_coprophilus_DSM_18228	547042	Phocaeicola coprophilus DSM 18228 = JCM 13818
Bacteroides_dorei_DSM_17855	483217	Phocaeicola dorei DSM 17855
Bacteroides_eggerthii_1_2_48FAA	665953	Bacteroides eggerthii 1_2_48FAA
Bacteroides_eggerthii_DSM_20697	483216	Bacteroides eggerthii DSM 20697
Bacteroides_faecis_MAJ27	1077285	Bacteroides faecis MAJ27
Bacteroides_finegoldii_DSM_17565	483215	Bacteroides finegoldii DSM 17565
Bacteroides_fluxus_YIT_12057	763034	Bacteroides fluxus YIT 12057
Bacteroides_fragilis_3_1_12	457424	Bacteroides fragilis 3_1_12
Bacteroides_fragilis_638R	862962	Bacteroides fragilis 638R
Bacteroides_fragilis_NCTC_9343	272559	Bacteroides fragilis NCTC 9343
Bacteroides_fragilis_YCH46	295405	Bacteroides fragilis YCH46
Bacteroides_graminisolvens_DSM_19988	1121097	Bacteroides graminisolvens DSM 19988 = JCM 15093
Bacteroides_intestinalis_341_DSM_17393	471870	Bacteroides intestinalis DSM 17393
Bacteroides_nordii_CL02T12C05	997884	Bacteroides nordii CL02T12C05
Bacteroides_oleiciplenus_YIT_12058	742727	Bacteroides oleiciplenus YIT 12058
Bacteroides_ovatus_ATCC_8483	411476	Bacteroides ovatus ATCC 8483
Bacteroides_ovatus_SD_CC_2a	702444	Bacteroides xylanisolvens SD CC 2a
Bacteroides_ovatus_SD_CMC_3f	702443	Bacteroides ovatus SD CMC 3f
Bacteroides_pectinophilus_ATCC_43243	483218	[Bacteroides] pectinophilus ATCC 43243
Bacteroides_plebeius_M12_DSM_17135	484018	Phocaeicola plebeius DSM 17135
Bacteroides_pyogenes_DSM20611	1121100	Bacteroides pyogenes DSM 20611 = JCM 6294
Bacteroides_salyersiae_WAL_10018	1121101	Bacteroides salyersiae WAL 10018 = DSM 18765 = JCM 12988
Bacteroides_sp_1_1_14	469585	Bacteroides sp. 1_1_14
Bacteroides_sp_1_1_30	457387	Bacteroides sp. 1_1_30
Bacteroides_sp_1_1_6	818	Bacteroides thetaiotaomicron
Bacteroides_sp_2_1_22	469588	Bacteroides sp. 2_1_22
Bacteroides_sp_2_1_33B	469589	Bacteroides sp. 2_1_33B
Bacteroides_sp_2_1_7	457388	Parabacteroides sp. 2_1_7
Bacteroides_sp_2_2_4	469590	Bacteroides sp. 2_2_4
Bacteroides_sp_20_3	469591	Parabacteroides sp. 20_3
Bacteroides_sp_3_1_19	469592	Bacteroides sp. 3_1_19
Bacteroides_sp_3_1_23	457390	Bacteroides sp. 3_1_23
Bacteroides_sp_3_1_33FAA	457391	Bacteroides sp. 3_1_33FAA
Bacteroides_sp_3_1_40A	469593	Bacteroides sp. 3_1_40A
Bacteroides_sp_3_2_5	457392	Bacteroides sp. 3_2_5
Bacteroides_sp_4_1_36	457393	Bacteroides sp. 4_1_36
Bacteroides_sp_4_3_47FAA	457394	Bacteroides sp. 4_3_47FAA
Bacteroides_sp_9_1_42FAA	457395	Bacteroides sp. 9_1_42FAA
Bacteroides_sp_D1	556258	Bacteroides sp. D1
Bacteroides_sp_D2	556259	Bacteroides sp. D2
Bacteroides_sp_D20	585543	Bacteroides sp. D20
Bacteroides_sp_D22	585544	Bacteroides sp. D22
Bacteroides_stercoris_ATCC_43183	449673	Bacteroides stercoris ATCC 43183
Bacteroides_thetaiotaomicron_VPI_5482	226186	Bacteroides thetaiotaomicron VPI-5482
Bacteroides_timonensis_AP1	1203465	Bacteroides timonensis AP1
Bacteroides_uniformis_ATCC_8492	411479	Bacteroides uniformis ATCC 8492
Bacteroides_ureolyticus_DSM_20703	1121102	Campylobacter ureolyticus DSM 20703
Bacteroides_vulgatus_ATCC_8482	435590	Phocaeicola vulgatus ATCC 8482
Bacteroides_xylanisolvens_SD_CC_1b	702447	Bacteroides xylanisolvens SD CC 1b
Bacteroides_xylanisolvens_XB1A	657309	Bacteroides xylanisolvens XB1A
Barnesiella_intestinihominis_YIT_11860	742726	Barnesiella intestinihominis YIT 11860
Bartonella_quintana_Toulouse	283165	Bartonella quintana str. Toulouse
Bifidobacterium_adolescentis_ATCC_15703	367928	Bifidobacterium adolescentis ATCC 15703
Bifidobacterium_angulatum_DSM_20098	518635	Bifidobacterium angulatum DSM 20098 = JCM 7096
Bifidobacterium_animalis_lactis_AD011	442563	Bifidobacterium animalis subsp. lactis AD011
Bifidobacterium_animalis_lactis_BB_12	552531	Bifidobacterium animalis subsp. lactis BB-12
Bifidobacterium_animalis_lactis_Bi_07	742729	Bifidobacterium animalis subsp. lactis Bi-07
Bifidobacterium_animalis_lactis_Bl_04_ATCC_SD5219	580050	Bifidobacterium animalis subsp. lactis Bl-04
Bifidobacterium_animalis_lactis_CNCM_I_2494	1042403	Bifidobacterium animalis subsp. lactis CNCM I-2494
Bifidobacterium_animalis_lactis_DSM_10140	555970	Bifidobacterium animalis subsp. lactis DSM 10140
Bifidobacterium_animalis_lactis_V9	573236	Bifidobacterium animalis subsp. lactis V9
Bifidobacterium_bifidum_BGN4	484020	Bifidobacterium bifidum BGN4
Bifidobacterium_bifidum_NCIMB_41171	398513	Bifidobacterium bifidum NCIMB 41171
Bifidobacterium_bifidum_PRL2010	702459	Bifidobacterium bifidum PRL2010
Bifidobacterium_bifidum_S17	883062	Bifidobacterium bifidum S17
Bifidobacterium_boum_DSM_20432	1410645	Bifidobacterium boum DSM 20432
Bifidobacterium_breve_HPH0326	1203540	Bifidobacterium breve HPH0326
Bifidobacterium_breve_UCC2003_NCIMB8807	326426	Bifidobacterium breve UCC2003
Bifidobacterium_catenulatum_DSM_16992	566552	Bifidobacterium catenulatum DSM 16992 = JCM 1194 = LMG 11043
Bifidobacterium_coryneforme_DSM_20216	1437599	Bifidobacterium coryneforme DSM 20216
Bifidobacterium_dentium_ATCC_27678	473819	Bifidobacterium dentium ATCC 27678
Bifidobacterium_gallicum_DSM_20093	561180	Bifidobacterium gallicum DSM 20093 = LMG 11596
Bifidobacterium_kashiwanohense_DSM_21854	1150460	Bifidobacterium catenulatum subsp. kashiwanohense JCM 15439 = DSM 21854
Bifidobacterium_longum_DJO10A	205913	Bifidobacterium longum DJO10A
Bifidobacterium_longum_E18	1322347	Bifidobacterium longum E18
Bifidobacterium_longum_infantis_157F_NC	565040	Bifidobacterium longum subsp. infantis 157F
Bifidobacterium_longum_infantis_ATCC_15697	391904	Bifidobacterium longum subsp. infantis ATCC 15697 = JCM 1222 = DSM 20088
Bifidobacterium_longum_longum_ATCC_55813	548480	Bifidobacterium longum subsp. longum ATCC 55813
Bifidobacterium_longum_longum_BBMN68	890402	Bifidobacterium longum subsp. longum BBMN68
Bifidobacterium_longum_longum_CCUG_52486	537937	Bifidobacterium longum subsp. infantis CCUG 52486
Bifidobacterium_longum_longum_JCM_1217	565042	Bifidobacterium longum subsp. longum JCM 1217
Bifidobacterium_longum_longum_JDM301	759350	Bifidobacterium longum subsp. longum JDM301
Bifidobacterium_longum_NCC2705	206672	Bifidobacterium longum NCC2705
Bifidobacterium_mongoliense_DSM_21395	1437603	Bifidobacterium mongoliense DSM 21395
Bifidobacterium_pseudocatenulatum_DSM_20438	547043	Bifidobacterium pseudocatenulatum DSM 20438 = JCM 1200 = LMG 10505
Bifidobacterium_pseudolongum_subsp_Pseudolongum_DSM_20099	1437595	Bifidobacterium pseudolongum subsp. pseudolongum DSM 20099
Bifidobacterium_ruminantium_DSM_6489	1410647	Bifidobacterium ruminantium DSM 6489
Bifidobacterium_scardovii_JCM_12489	1150461	Bifidobacterium scardovii JCM 12489 = DSM 13734
Bifidobacterium_stercoris_DSM_24849	1437612	Bifidobacterium stercoris JCM 15918
Bifidobacterium_thermacidophilum_subsp_thermacidophilum_DSM_15837	1121111	Bifidobacterium thermacidophilum subsp. thermacidophilum DSM 15837
Bifidobacterium_thermophilum_RBL67	1254439	Bifidobacterium thermophilum RBL67
Bilophila_wadsworthia_3_1_6	563192	Bilophila wadsworthia 3_1_6
Blastococcus_massiliensis_AP3	1211815	Candidatus Blastococcus massiliensis AP3
Blautia_hansenii_VPI_C7_24_DSM_20583	537007	Blautia hansenii DSM 20583
Blautia_hydrogenotrophica_DSM_10507	476272	Blautia hydrogenotrophica DSM 10507
Blautia_obeum_ATCC_29174	411459	Blautia obeum ATCC 29174
Blautia_producta_DSM_2950	1121114	Blautia producta ATCC 27340 = DSM 2950
Blautia_wexlerae_DSM_19850	1121115	Blautia wexlerae DSM 19850
Bordetella_hinzii_OH87_BAL007II	1331262	Bordetella hinzii OH87 BAL007II
Brachybacterium_paraconglomeratum_LC44	1064537	Brachybacterium paraconglomeratum LC44
Brachyspira_pilosicoli_B2904	1133568	Brachyspira pilosicoli B2904
Bradyrhizobium_elkanii_USDA_76	398525	Bradyrhizobium elkanii USDA 76
Bradyrhizobium_japonicum_USDA_6	1037409	Bradyrhizobium japonicum USDA 6
Brevibacillus_agri_5_2	1444307	Brevibacillus agri 5-2
Brevibacillus_agri_BAB_2500	1246477	Brevibacillus agri BAB-2500
Brevibacillus_borstelensis_AK1	1300222	Brevibacillus borstelensis AK1
Brevibacillus_brevis_NBRC_100599	358681	Brevibacillus brevis NBRC 100599
Brevibacterium_casei_S18	1229781	Brevibacterium casei S18
Brevibacterium_linens_BL2	321955	Brevibacterium linens BL2
Brevibacterium_massiliense_5401308	1176165	Brevibacterium ravenspurgense 5401308 = CCUG 53855
Brevundimonas_bacteroides_DSM_4726	1121124	Brevundimonas bacteroides DSM 4726
Brevundimonas_diminuta_470_4	1035191	Brevundimonas diminuta 470-4
Brochothrix_thermosphacta_DSM_20171	1121126	Brochothrix thermosphacta DSM 20171 = FSL F6-1036
Bulleidia_extructa_W1219	679192	Bulleidia extructa W1219
Burkholderia_cepacia_GG4	1009846	Burkholderia cepacia GG4
Burkholderiales_bacterium_1_1_47	469610	Burkholderiales bacterium 1_1_47
Butyricicoccus_pullicaecorum_1_2	1203606	Butyricicoccus pullicaecorum 1.2
Butyricimonas_synergistica_DSM_23225	1121129	Butyricimonas synergistica DSM 23225
Butyricimonas_virosa_DSM_23226	1121130	Butyricimonas virosa DSM 23226
Butyrivibrio_crossotus_DSM_2876	511680	Butyrivibrio crossotus DSM 2876
Butyrivibrio_fibrisolvens_16_4	657324	Butyrivibrio fibrisolvens 16/4
Campylobacter_coli_JV20	864566	Campylobacter coli JV20
Campylobacter_concisus_13826	360104	Campylobacter concisus 13826
Campylobacter_curvus_525_92	360105	Campylobacter curvus 525.92
Campylobacter_fetus_subsp_fetus_82_40	360106	Campylobacter fetus subsp. fetus 82-40
Campylobacter_gracilis_RM3268	553220	Campylobacter gracilis RM3268
Campylobacter_hominis_ATCC_BAA_381	360107	Campylobacter hominis ATCC BAA-381
Campylobacter_hyointestinalis_subsp_hyointestinalis_LMG_9260	1031746	Campylobacter hyointestinalis subsp. hyointestinalis LMG 9260
Campylobacter_jejuni_jejuni_81_176	354242	Campylobacter jejuni subsp. jejuni 81-176
Campylobacter_jejuni_jejuni_ICDCCJ07004	1295400	Campylobacter jejuni subsp. jejuni ICDCCJ07004
Campylobacter_jejuni_jejuni_M1	645464	Campylobacter jejuni subsp. jejuni M1
Campylobacter_jejuni_jejuni_NCTC_11168	192222	Campylobacter jejuni subsp. jejuni NCTC 11168 = ATCC 700819
Campylobacter_lari_RM2100	306263	Campylobacter lari RM2100
Campylobacter_rectus_RM3267	553218	Campylobacter rectus RM3267
Campylobacter_showae_CSUNSWCD	1244083	Campylobacter showae CSUNSWCD
Campylobacter_upsaliensis_JV21	888826	Campylobacter upsaliensis JV21
Candidatus_Nitrososphaera_gargensis_Ga9_2	1237085	Candidatus Nitrososphaera gargensis Ga9.2
Capnocytophaga_granulosa_ATCC_51502	641143	Capnocytophaga granulosa ATCC 51502
Capnocytophaga_ochracea_DSM_7271	521097	Capnocytophaga ochracea DSM 7271
Capnocytophaga_sputigena_ATCC_33612	553177	Capnocytophaga sputigena ATCC 33612
Catenibacterium_mitsuokai_DSM_15897	451640	Catenibacterium mitsuokai DSM 15897
Cedecea_davisae_DSM_4568	566551	Cedecea davisae DSM 4568
Cellulosilyticum_lentocellum_DSM_5427	642492	Cellulosilyticum lentocellum DSM 5427
Cellulosimicrobium_cellulans_J36	935839	Cellulosimicrobium cellulans J36
Cetobacterium_somerae_ATCC_BAA_47401	1319815	Cetobacterium somerae ATCC BAA-474
Citrobacter_amalonaticus_Y19	1261127	Citrobacter amalonaticus Y19
Citrobacter_freundii_ATCC_8090	1006003	Citrobacter freundii ATCC 8090 = MTCC 1658 = NBRC 12681
Citrobacter_freundii_UCI_31	1400136	Citrobacter freundii UCI 31
Citrobacter_koseri_ATCC_BAA_895	290338	Citrobacter koseri ATCC BAA-895
Citrobacter_sp_30_2	469595	Citrobacter portucalensis
Citrobacter_youngae_ATCC_29220	500640	Citrobacter youngae ATCC 29220
Cloacibacillus_evryensis_DSM_19522	866499	Cloacibacillus evryensis DSM 19522
Clostridiales_sp_1_7_47FAA	457421	Clostridiales bacterium 1_7_47FAA
Clostridium_acetobutylicum_ATCC_824	272562	Clostridium acetobutylicum ATCC 824
Clostridium_asparagiforme_DSM_15981	518636	[Clostridium] asparagiforme DSM 15981
Clostridium_bartlettii_DSM_16795	445973	Intestinibacter bartlettii DSM 16795
Clostridium_beijerinckii_NCIMB_8052	290402	Clostridium beijerinckii NCIMB 8052
Clostridium_bifermentans_ATCC_19299	1233170	Paraclostridium bifermentans ATCC 19299
Clostridium_bolteae_ATCC_BAA_613	411902	Enterocloster bolteae ATCC BAA-613
Clostridium_botulinum_A_str_ATCC_19397	441770	Clostridium botulinum A str. ATCC 19397
Clostridium_botulinum_A_str_ATCC_3502	413999	Clostridium botulinum A str. ATCC 3502
Clostridium_botulinum_A_str_Hall	441771	Clostridium botulinum A str. Hall
Clostridium_botulinum_Bf	445336	Clostridium botulinum Bf
Clostridium_botulinum_E1_str_BoNT_E_Beluga	536233	Clostridium botulinum E1 str. 'BoNT E Beluga'
Clostridium_botulinum_F_str_230613	758678	Clostridium botulinum F str. 230613
Clostridium_butyricum_DSM_10702	1316931	Clostridium butyricum DSM 10702
Clostridium_butyricum_E4_str_BoNT_E_BL5262	632245	Clostridium butyricum E4 str. BoNT E BL5262
Clostridium_cadaveris_AGR2141	1280692	Clostridium cadaveris AGR2141
Clostridium_celatum_DSM_1785	545697	Clostridium celatum DSM 1785
Clostridium_cellobioparum_DSM_1351	1121303	Ruminiclostridium cellobioparum DSM 1351 = ATCC 15832
Clostridium_citroniae_WAL_17108	742733	[Clostridium] citroniae WAL-17108
Clostridium_clariflavum_DSM_19732	720554	Acetivibrio clariflavus DSM 19732
Clostridium_clostridioforme_CM201	999410	[Clostridium] clostridioforme CM201
Clostridium_difficile_CD196	645462	Clostridioides difficile CD196
Clostridium_difficile_NAP07	525258	Clostridioides difficile NAP07
Clostridium_difficile_NAP08	525259	Clostridioides difficile NAP08
Clostridium_difficile_R20291	645463	Clostridioides difficile R20291
Clostridium_glycolicum_ATCC_14880	1121315	Terrisporobacter glycolicus ATCC 14880 = DSM 1288
Clostridium_hathewayi_12489931	999412	Hungatella hathewayi 12489931
Clostridium_hathewayi_DSM_13479	566550	Hungatella hathewayi DSM 13479
Clostridium_hiranonis_TO_931_DSM_13275	500633	[Clostridium] hiranonis DSM 13275
Clostridium_hylemonae_DSM_15053	553973	[Clostridium] hylemonae DSM 15053
Clostridium_indolis_DSM_755	1304881	[Clostridium] indolis DSM 755
Clostridium_innocuum_2959	999413	[Clostridium] innocuum 2959
Clostridium_leptum_DSM_753	428125	[Clostridium] leptum DSM 753
Clostridium_methoxybenzovorans_SR3	1286820	[Clostridium] methoxybenzovorans SR3
Clostridium_methylpentosum_R2_DSM_5476	537013	[Clostridium] methylpentosum DSM 5476
Clostridium_nexile_DSM_1787	500632	Tyzzerella nexilis DSM 1787
Clostridium_paraputrificum_AGR2156	1280689	Clostridium paraputrificum AGR2156
Clostridium_perfringens_ATCC_13124	195103	Clostridium perfringens ATCC 13124
Clostridium_ramosum_VPI_0427_DSM_1402	1547	Erysipelatoclostridium ramosum
Clostridium_saccharogumia_DSM_17460	1121333	[Clostridium] saccharogumia DSM 17460
Clostridium_saccharoperbutylacetonicum_N1_4_HMT	931276	Clostridium saccharoperbutylacetonicum N1-4(HMT
Clostridium_sartagoforme_AAU1	1202534	Clostridium sartagoforme AAU1
Clostridium_scindens_ATCC_35704	411468	[Clostridium] scindens ATCC 35704
Clostridium_sordellii_ATCC_9714	1292036	Paeniclostridium sordellii ATCC 9714
Clostridium_sp_7_2_43FAA	457396	Clostridium sp. 7_2_43FAA
Clostridium_sp_L2_50	411489	Clostridium sp. L2-50
Clostridium_sp_M62_1	411486	Clostridium sp. M62/1
Clostridium_sp_SS2_1	411484	Clostridium sp. SS2/1
Clostridium_sp_SY8519	1042156	Clostridium sp. SY8519
Clostridium_spiroforme_DSM_1552	428126	[Clostridium] spiroforme DSM 1552
Clostridium_sporogenes_ATCC_15579	471871	Clostridium sporogenes ATCC 15579
Clostridium_sporosphaeroides_DSM_1294	1121334	[Clostridium] sporosphaeroides DSM 1294
Clostridium_sticklandii_DSM_519	499177	Acetoanaerobium sticklandii DSM 519
Clostridium_symbiosum_ATCC_14940	411472	[Clostridium] symbiosum ATCC 14940
Clostridium_symbiosum_WAL_14163	742740	[Clostridium] symbiosum WAL-14163
Clostridium_symbiosum_WAL_14673	742741	[Clostridium] symbiosum WAL-14673
Clostridium_tyrobutyricum_DSM_2637	1121342	Clostridium tyrobutyricum DSM 2637 = ATCC 25755 = JCM 11008
Clostridium_viride_DSM_6836	1121344	[Clostridium] viride DSM 6836
Collinsella_aerofaciens_ATCC_25986	411903	Collinsella aerofaciens ATCC 25986
Collinsella_intestinalis_DSM_13280	521003	Collinsella intestinalis DSM 13280
Collinsella_stercoris_DSM_13279	445975	Collinsella stercoris DSM 13279
Collinsella_tanakaei_YIT_12063	742742	Collinsella tanakaei YIT 12063
Comamonas_testosteroni_CNB_2	688245	Comamonas testosteroni CNB-2
Coprobacillus_sp_29_1	469596	Coprobacillus cateniformis
Coprobacillus_sp_D7	556270	Coprobacillus sp. D7
Coprococcus_catus_GD_7	717962	Coprococcus catus GD/7
Coprococcus_comes_ATCC_27758	470146	Coprococcus comes ATCC 27758
Coprococcus_eutactus_ATCC_27759	411474	Coprococcus eutactus ATCC 27759
Corynebacterium_ammoniagenes_DSM_20306	649754	Corynebacterium ammoniagenes DSM 20306
Corynebacterium_amycolatum_SK46	553204	Corynebacterium amycolatum SK46
Corynebacterium_aurimucosum_ATCC_700975	548476	Corynebacterium aurimucosum ATCC 700975
Corynebacterium_durum_F0235	1035195	Corynebacterium durum F0235
Corynebacterium_glucuronolyticum_ATCC_51867	548477	Corynebacterium glucuronolyticum ATCC 51867
Corynebacterium_kroppenstedtii_DSM_44385	645127	Corynebacterium kroppenstedtii DSM 44385
Corynebacterium_propinquum_DSM_44285	1121367	Corynebacterium propinquum DSM 44285
Corynebacterium_striatum_ATCC_6940	525268	Corynebacterium striatum ATCC 6940
Corynebacterium_tuberculostearicum_SK141	553206	Corynebacterium tuberculostearicum SK141
Corynebacterium_ulcerans_809	945711	Corynebacterium ulcerans 809
Cronobacter_sakazakii_ATCC_BAA_894	290339	Cronobacter sakazakii ATCC BAA-894
Cryptobacterium_curtum_DSM_15641	469378	Cryptobacterium curtum DSM 15641
Curtobacterium_flaccumfaciens_UCD_AKU	1292022	Curtobacterium flaccumfaciens UCD-AKU
Delftia_acidovorans_SPH_1	398578	Delftia acidovorans SPH-1
Desulfovibrio_desulfuricans_subsp_desulfuricans_DSM_642	1121445	Desulfovibrio desulfuricans DSM 642
Desulfovibrio_piger_ATCC_29098	411464	Desulfovibrio piger ATCC 29098
Desulfovibrio_sp_3_1_syn3	457398	Desulfovibrio sp. 3_1_syn3
Dialister_invisus_DSM_15470	592028	Dialister invisus DSM 15470
Dialister_succinatiphilus_YIT_11850	742743	Dialister succinatiphilus YIT 11850
Dietzia_cinnamea_P4	910954	Dietzia cinnamea P4
Dorea_formicigenerans_ATCC_27755	411461	Dorea formicigenerans ATCC 27755
Dorea_longicatena_DSM_13814	411462	Dorea longicatena DSM 13814
Dyadobacter_beijingensis_DSM_21582	1121482	Dyadobacter beijingensis DSM 21582
Dyadobacter_fermentans_DSM_18053	471854	Dyadobacter fermentans DSM 18053
Dysgonomonas_gadei_ATCC_BAA_286	742766	Dysgonomonas gadei ATCC BAA-286
Edwardsiella_tarda_ATCC_23685	500638	Edwardsiella tarda ATCC 23685
Edwardsiella_tarda_FL6_60	718251	Edwardsiella tarda FL6-60
Eggerthella_lenta_DSM_2243	479437	Eggerthella lenta DSM 2243
Eggerthella_sp_1_3_56FAA	665943	Eggerthella sp. 1_3_56FAA
Eggerthella_sp_YY7918	502558	Eggerthella sp. YY7918
Eggerthia_catenaformis_OT_569	999415	Eggerthia catenaformis OT 569 = DSM 20559
Eikenella_corrodens_ATCC_23834	546274	Eikenella corrodens ATCC 23834
Enterobacter_aerogenes_KCTC_2190	1028307	Klebsiella aerogenes KCTC 2190
Enterobacter_asburiae_LF7a	640513	Enterobacter asburiae LF7a
Enterobacter_cancerogenus_ATCC_35316	500639	Enterobacter cancerogenus ATCC 35316
Enterobacter_cloacae_EcWSU1	1045856	Enterobacter cloacae EcWSU1
Enterobacter_hormaechei_YT2	1259823	Enterobacter hormaechei YT2
Enterobacter_hormaechei_YT3	1260282	Enterobacter hormaechei YT3
Enterobacteriaceae_bacterium_9_2_54FAA	469613	Enterobacteriaceae bacterium 9_2_54FAA
Enterococcus_asini_ATCC_700915	1158606	Enterococcus asini ATCC 700915
Enterococcus_avium_ATCC_14025	1140002	Enterococcus avium ATCC 14025
Enterococcus_caccae_ATCC_BAA_1240	1158612	Enterococcus caccae ATCC BAA-1240
Enterococcus_casseliflavus_ATCC_12755	888066	Enterococcus casseliflavus ATCC 12755
Enterococcus_cecorum_DSM_20682	1121864	Enterococcus cecorum DSM 20682 = ATCC 43198
Enterococcus_dispar_ATCC_51266	1139219	Enterococcus dispar ATCC 51266
Enterococcus_durans_ATCC_6056	1140001	Enterococcus durans ATCC 6056
Enterococcus_faecalis_OG1RF_ATCC_47077	474186	Enterococcus faecalis OG1RF
Enterococcus_faecalis_TX0104	491074	Enterococcus faecalis TX0104
Enterococcus_faecalis_TX1322	525278	Enterococcus faecalis TX1322
Enterococcus_faecalis_TX2134	749518	Enterococcus faecalis TX2134
Enterococcus_faecalis_V583	226185	Enterococcus faecalis V583
Enterococcus_faecium_TX1330	525279	Enterococcus faecium TX1330
Enterococcus_gallinarum_EG2	565653	Enterococcus gallinarum EG2
Enterococcus_hirae_ATCC_9790	768486	Enterococcus hirae ATCC 9790
Enterococcus_phoeniculicola_ATCC_BAA_412	1158610	Enterococcus phoeniculicola ATCC BAA-412
Enterococcus_saccharolyticus_DSM8903	351627	Caldicellulosiruptor saccharolyticus DSM 8903
Enterococcus_sp_7L76	1350	Enterococcus
Erysipelotrichaceae_bacterium_5_2_54FAA	552396	Erysipelotrichaceae bacterium 5_2_54FAA
Erysipelotrichaceae_bacterium_sp_3_1_53	658659	Erysipelotrichaceae bacterium 3_1_53
Escherichia_albertii_KF1	1440052	Escherichia albertii KF1
Escherichia_albertii_TW07627	502347	Escherichia albertii TW07627
Escherichia_coli_O157_H7_str_Sakai	386585	Escherichia coli O157:H7 str. Sakai
Escherichia_coli_SE11	409438	Escherichia coli SE11
Escherichia_coli_str_K_12_substr_MG1655	511145	Escherichia coli str. K-12 substr. MG1655
Escherichia_coli_UTI89_UPEC	364106	Escherichia coli UTI89
Escherichia_fergusonii_ATCC_35469	585054	Escherichia fergusonii ATCC 35469
Escherichia_hermannii_NBRC_105704	1115512	Atlantibacter hermannii NBRC 105704
Escherichia_sp_1_1_43	457400	Escherichia sp. 1_1_43
Escherichia_sp_3_2_53FAA	561	Escherichia
Escherichia_sp_4_1_40B	457401	Escherichia sp. 4_1_40B
Eubacterium_biforme_DSM_3989	518637	Holdemanella biformis DSM 3989
Eubacterium_brachy_ATCC_33089	1321814	Eubacterium brachy ATCC 33089
Eubacterium_cellulosolvens_6	633697	[Eubacterium] cellulosolvens 6
Eubacterium_cylindroides_T2_87	717960	Faecalitalea cylindroides T2-87
Eubacterium_desmolans_ATCC_43058	1408437	Agathobaculum desmolans ATCC 43058
Eubacterium_dolichum_DSM_3991	428127	Amedibacillus dolichus DSM 3991
Eubacterium_eligens_ATCC_27750	515620	[Eubacterium] eligens ATCC 27750
Eubacterium_hallii_DSM_3353	411469	Anaerobutyricum hallii DSM 3353
Eubacterium_hallii_L2_7	411487	Anaerobutyricum soehngenii
Eubacterium_limosum_KIST612	903814	Eubacterium limosum KIST612
Eubacterium_ramulus_ATCC_29099	1256908	Eubacterium ramulus ATCC 29099
Eubacterium_rectale_ATCC_33656	515619	[Eubacterium] rectale ATCC 33656
Eubacterium_rectale_M104_1	657317	[Eubacterium] rectale M104/1
Eubacterium_saphenum_ATCC_49989	592031	Eubacterium saphenum ATCC 49989
Eubacterium_siraeum_70_3	657319	[Eubacterium] siraeum 70/3
Eubacterium_siraeum_DSM_15702	428128	[Eubacterium] siraeum DSM 15702
Eubacterium_sulci_ATCC_35585	888727	Eubacterium sulci ATCC 35585
Eubacterium_ventriosum_ATCC_27560	411463	Eubacterium ventriosum ATCC 27560
Exiguobacterium_aurantiacum_DSM_6208	1397694	Exiguobacterium aurantiacum DSM 6208
Faecalibacterium_cf_prausnitzii_KLE1255	748224	Faecalibacterium cf. prausnitzii KLE1255
Faecalibacterium_prausnitzii_A2_165	411483	Faecalibacterium prausnitzii A2-165
Faecalibacterium_prausnitzii_L2_6	718252	Faecalibacterium prausnitzii L2-6
Faecalibacterium_prausnitzii_M21_2	411485	Faecalibacterium prausnitzii M21/2
Faecalibacterium_prausnitzii_SL3_3	657322	Faecalibacterium prausnitzii SL3/3
Filifactor_alocis_ATCC_35896	546269	Filifactor alocis ATCC 35896
Finegoldia_magna_ATCC_29328	334413	Finegoldia magna ATCC 29328
Flavonifractor_plautii_ATCC_29863	411475	Flavonifractor plautii ATCC 29863
Fusobacterium_gonidiaformans_3_1_5R	469605	Fusobacterium gonidiaformans 3-1-5R
Fusobacterium_gonidiaformans_ATCC_25563	469615	Fusobacterium gonidiaformans ATCC 25563
Fusobacterium_mortiferum_ATCC_9817	469616	Fusobacterium mortiferum ATCC 9817
Fusobacterium_necrophorum_D12	556263	Fusobacterium necrophorum D12
Fusobacterium_nucleatum_subsp_animalis_3_1_33	469603	Fusobacterium nucleatum subsp. animalis 3_1_33
Fusobacterium_nucleatum_subsp_animalis_7_1	457405	Fusobacterium nucleatum subsp. animalis 7_1
Fusobacterium_nucleatum_subsp_animalis_D11	556264	Fusobacterium nucleatum subsp. animalis D11
Fusobacterium_nucleatum_subsp_nucleatum_ATCC_25586	190304	Fusobacterium nucleatum subsp. nucleatum ATCC 25586
Fusobacterium_nucleatum_subsp_vincentii_3_1_27	469602	Fusobacterium nucleatum subsp. vincentii 3_1_27
Fusobacterium_nucleatum_subsp_vincentii_3_1_36A2	469604	Fusobacterium nucleatum subsp. vincentii 3_1_36A2
Fusobacterium_nucleatum_subsp_vincentii_4_1_13	469606	Fusobacterium nucleatum subsp. vincentii 4_1_13
Fusobacterium_periodonticum_1_1_41FAA	469621	Fusobacterium periodonticum 1_1_41FAA
Fusobacterium_periodonticum_2_1_31	469599	Fusobacterium periodonticum 2_1_31
Fusobacterium_russii_ATCC_25533	1278306	Fusobacterium russii ATCC 25533
Fusobacterium_sp_4_8	469607	Fusobacterium nucleatum subsp. animalis 4_8
Fusobacterium_ulcerans_ATCC_49185	469617	Fusobacterium ulcerans ATCC 49185
Fusobacterium_varium_ATCC_27725	469618	Fusobacterium varium ATCC 27725
Gemella_haemolysans_ATCC_10379	546270	Gemella haemolysans ATCC 10379
Gemella_morbillorum_M424	562982	Gemella morbillorum M424
Gemella_sanguinis_ATCC700632	1408440	Gemella sanguinis ATCC 700632
Gemella_sanguinis_M325	562983	Gemella sanguinis M325
Geobacillus_stearothermophilus_ATCC_7953	937593	Geobacillus stearothermophilus ATCC 7953
Geobacillus_vulcani_PSS1	1382315	Geobacillus vulcani PSS1
Gordonia_rubripertincta_NBRC_101908	1077975	Gordonia rubripertincta NBRC 101908
Gordonia_terrae_C_6	1316928	Gordonia terrae C-6
Gordonia_terrae_NBRC_100016	1089454	Gordonia terrae NBRC 100016
Gordonibacter_pamelaeae_7_10_1_bT_DSM_19378	657308	Gordonibacter pamelaeae 7-10-1-b
Granulicatella_adiacens_ATCC_49175	638301	Granulicatella adiacens ATCC 49175
Granulicatella_elegans_ATCC_700633	626369	Granulicatella elegans ATCC 700633
Grimontia_hollisae_CIP_101886	675812	Grimontia hollisae CIP 101886
Haemophilus_haemolyticus_M19501	1028803	Haemophilus haemolyticus M19501
Haemophilus_influenzae_R2846	262727	Haemophilus influenzae R2846
Haemophilus_parainfluenzae_T3T1	862965	Haemophilus parainfluenzae T3T1
Haemophilus_sputorum_CCUG_13788	1035839	Haemophilus sputorum CCUG 13788
Hafnia_alvei_ATCC_51873	1002364	Hafnia alvei ATCC 51873
Hafnia_alvei_BIDMC_31	1328337	Klebsiella pneumoniae BIDMC 31
Halococcus_morrhuae_DSM1307	931277	Halococcus morrhuae DSM 1307
Helicobacter_bilis_ATCC_43879	613026	Helicobacter bilis ATCC 43879
Helicobacter_canadensis_MIT_98_5491	537970	Helicobacter canadensis MIT 98-5491
Helicobacter_cinaedi_CCUG_18818	537971	Helicobacter cinaedi CCUG 18818 = ATCC BAA-847
Helicobacter_pullorum_MIT_98_5489	537972	Helicobacter pullorum MIT 98-5489
Helicobacter_pylori_26695	85962	Helicobacter pylori 26695
Helicobacter_winghamensis_ATCC_BAA_430	556267	Helicobacter winghamensis ATCC BAA-430
Holdemania_filiformis_VPI_J1_31B_1_DSM_12042	545696	Holdemania filiformis DSM 12042
Kallipyga_massiliensis_ph2	1118059	Kallipyga massiliensis ph2
Kandleria_vitulina_DSM_20405	1410657	Kandleria vitulina DSM 20405
Kingella_oralis_ATCC_51147	629741	Kingella oralis ATCC 51147
Klebsiella_oxytoca_KCTC_1686	1006551	Klebsiella michiganensis KCTC 1686
Klebsiella_pneumoniae_pneumoniae_MGH78578	272620	Klebsiella pneumoniae subsp. pneumoniae MGH 78578
Klebsiella_sp_1_1_55	244366	Klebsiella variicola
Kluyvera_ascorbata_ATCC_33433	1006000	Kluyvera ascorbata ATCC 33433
Kocuria_palustris_PEL	1236550	Kocuria palustris PEL
Kocuria_rhizophila_DC2201	378753	Kocuria rhizophila DC2201
Kurthia_massiliensis_JC30	1033739	Kurthia massiliensis
Kytococcus_sedentarius_DSM_20547	478801	Kytococcus sedentarius DSM 20547
Lachnospira_multipara_ATCC_19207	1282887	Lachnospira multipara ATCC 19207
Lachnospiraceae_bacterium_sp_5_1_63FAA	658089	Lachnospiraceae bacterium 5_1_63FAA
Lachnospiraceae_bacterium_sp_8_1_57FAA	665951	Lachnospiraceae bacterium 8_1_57FAA
Lactobacillus_acidophilus_ATCC_4796	525306	Lactobacillus acidophilus ATCC 4796
Lactobacillus_acidophilus_NCFM	272621	Lactobacillus acidophilus NCFM
Lactobacillus_amylolyticus_DSM_11664	585524	Lactobacillus amylolyticus DSM 11664
Lactobacillus_amylovorus_GRL_1112	695560	Lactobacillus amylovorus GRL 1112
Lactobacillus_animalis_KCTC_3501	930942	Ligilactobacillus animalis KCTC 3501 = DSM 20602
Lactobacillus_antri_DSM_16041	525309	Limosilactobacillus antri DSM 16041
Lactobacillus_brevis_ATCC_367	387344	Levilactobacillus brevis ATCC 367
Lactobacillus_brevis_subsp_gravesensis_ATCC_27305	525310	Lentilactobacillus hilgardii ATCC 27305
Lactobacillus_buchneri_ATCC_11577	525318	Lentilactobacillus buchneri ATCC 11577
Lactobacillus_casei_ATCC_334	321967	Lacticaseibacillus paracasei ATCC 334
Lactobacillus_casei_casei_BL23	543734	Lacticaseibacillus casei BL23
Lactobacillus_coleohominis_101_4_CHN	575594	Limosilactobacillus coleohominis 101-4-CHN
Lactobacillus_coryniformis_subsp_coryniformis_CECT_5711	1185325	Loigolactobacillus coryniformis subsp. coryniformis CECT 5711
Lactobacillus_crispatus_125_2_CHN	575595	Lactobacillus crispatus 125-2-CHN
Lactobacillus_curvatus_CRL_705	1074451	Latilactobacillus curvatus CRL 705
Lactobacillus_delbrueckii_subsp_bulgaricus_ATCC_11842	390333	Lactobacillus delbrueckii subsp. bulgaricus ATCC 11842 = JCM 1002
Lactobacillus_delbrueckii_subsp_bulgaricus_ATCC_BAA_365	321956	Lactobacillus delbrueckii subsp. bulgaricus ATCC BAA-365
Lactobacillus_fermentum_ATCC_14931	525325	Limosilactobacillus fermentum ATCC 14931
Lactobacillus_fermentum_IFO_3956	334390	Limosilactobacillus fermentum IFO 3956
Lactobacillus_gasseri_ATCC_33323	324831	Lactobacillus gasseri ATCC 33323 = JCM 1131
Lactobacillus_gastricus_PS3	1144300	Limosilactobacillus gastricus PS3
Lactobacillus_helveticus_DPC_4571	405566	Lactobacillus helveticus DPC 4571
Lactobacillus_helveticus_DSM_20075	585520	Lactobacillus helveticus DSM 20075 = CGMCC 1.1877
Lactobacillus_hilgardii_ATCC_8290	1423757	Lentilactobacillus hilgardii DSM 20176 = ATCC 8290
Lactobacillus_iners_DSM_13335	525328	Lactobacillus iners DSM 13335
Lactobacillus_jensenii_1153	440497	Lactobacillus jensenii 1153
Lactobacillus_johnsonii_DPC_6026	909954	Lactobacillus johnsonii DPC 6026
Lactobacillus_johnsonii_NCC_533	257314	Lactobacillus johnsonii NCC 533
Lactobacillus_mucosae_LM1	1130798	Limosilactobacillus mucosae LM1
Lactobacillus_oris_F0423	944562	Limosilactobacillus oris F0423
Lactobacillus_paracasei_subsp_paracasei_8700_2	537973	Lacticaseibacillus paracasei subsp. paracasei 8700:2
Lactobacillus_paracasei_subsp_paracasei_ATCC_25302	525337	Lacticaseibacillus paracasei subsp. paracasei ATCC 25302 = DSM 5622 = JCM 8130
Lactobacillus_pentosus_KCA1	1136177	Lactiplantibacillus pentosus KCA1
Lactobacillus_plantarum_JDM1	644042	Lactiplantibacillus plantarum JDM1
Lactobacillus_plantarum_subsp_plantarum_ATCC_14917	525338	Lactiplantibacillus plantarum subsp. plantarum ATCC 14917 = JCM 1149 = CGMCC 1.2437
Lactobacillus_plantarum_WCFS1	220668	Lactiplantibacillus plantarum WCFS1
Lactobacillus_reuteri_F275_JCM_1112	299033	Limosilactobacillus reuteri F275
Lactobacillus_reuteri_SD2112_ATCC_55730	491077	Limosilactobacillus reuteri SD2112
Lactobacillus_rhamnosus_GG_ATCC_53103	568703	Lacticaseibacillus rhamnosus GG
Lactobacillus_rhamnosus_LMS2_1	525361	Lacticaseibacillus rhamnosus LMS2-1
Lactobacillus_ruminis_ATCC_25644	525362	Ligilactobacillus ruminis ATCC 25644
Lactobacillus_sakei_subsp_sakei_23K	314315	Latilactobacillus sakei subsp. sakei 23K
Lactobacillus_salivarius_HO66_ATCC_11741	1423799	Ligilactobacillus salivarius DSM 20555 = ATCC 11741
Lactobacillus_salivarius_salivarius_UCC118	362948	Ligilactobacillus salivarius UCC118
Lactobacillus_ultunensis_DSM_16047	525365	Lactobacillus ultunensis DSM 16047
Lactobacillus_vaginalis_ATCC_49540	1423814	Limosilactobacillus vaginalis DSM 5837 = ATCC 49540
Lactococcus_garvieae_ATCC_49156	420889	Lactococcus garvieae ATCC 49156
Lactococcus_lactis_subsp_lactis_Il1403	272623	Lactococcus lactis subsp. lactis Il1403
Lactococcus_raffinolactis_4877	1215915	Lactococcus raffinolactis 4877
Laribacter_hongkongensis_HLHK9	557598	Laribacter hongkongensis HLHK9
Lautropia_mirabilis_ATCC_51599	887898	Lautropia mirabilis ATCC 51599
Leminorella_grimontii_ATCC_33999	1005999	Leminorella grimontii ATCC 33999 = DSM 5078
Leptotrichia_buccalis_C_1013_b	523794	Leptotrichia buccalis C-1013-b
Leuconostoc_argentinum_KCTC_3773	886872	Leuconostoc lactis KCTC 3773
Leuconostoc_gelidum_JB7	1229756	Leuconostoc gelidum JB7
Leuconostoc_lactis_KACC_91922	1246	Leuconostoc lactis
Leuconostoc_mesenteroides_subsp_cremoris_ATCC_19254	586220	Leuconostoc mesenteroides subsp. cremoris ATCC 19254
Listeria_grayi_DSM_20601	525367	Listeria grayi DSM 20601
Listeria_monocytogenes_4a_L99	565047	Listeria monocytogenes serotype 4a str. L99
Listeria_monocytogenes_4b_F2365	265669	Listeria monocytogenes serotype 4b str. F2365
Listeria_monocytogenes_Finland_1988	393127	Listeria monocytogenes Finland 1998
Listeria_monocytogenes_FSL_R2_561	393126	Listeria monocytogenes FSL R2-561
Listeria_monocytogenes_J0161_FSL_R2_499	393130	Listeria monocytogenes J0161
Listeria_monocytogenes_serotype_7_SLCC_2482	863767	Listeria monocytogenes serotype 7 str. SLCC2482
Listeria_monocytogenes_SLCC_2378	879088	Listeria monocytogenes SLCC2378
Listeria_monocytogenes_SLCC_2540	879089	Listeria monocytogenes SLCC2540
Listeria_monocytogenes_SLCC_7179	879090	Listeria monocytogenes SLCC7179
Lysinibacillus_fusiformis_ZB2	1231627	Lysinibacillus fusiformis ZB2
Lysinibacillus_sphaericus_C3_41	444177	Lysinibacillus sphaericus C3-41
Marvinbryantia_formatexigens_I_52_DSM_14469	478749	Marvinbryantia formatexigens DSM 14469
Megamonas_funiformis_YIT_11815	742816	Megamonas funiformis YIT 11815
Megamonas_hypermegale_ART12_1	657316	Megamonas hypermegale ART12/1
Megasphaera_elsdenii_DSM_20460	1064535	Megasphaera elsdenii DSM 20460
Melainabacterium_MEL_A1	1899017	Candidatus Melainabacteria bacterium MEL.A1
Mesorhizobium_loti_MAFF303099	266835	Mesorhizobium japonicum MAFF 303099
Methanobrevibacter_ruminantium_M1	634498	Methanobrevibacter ruminantium M1
Methanobrevibacter_smithii_ATCC_35061	420247	Methanobrevibacter smithii ATCC 35061
Methanomassiliicoccus_luminyensis_B10	1175296	Methanomassiliicoccus luminyensis B10
Methanosphaera_stadtmanae_DSM_3091	339860	Methanosphaera stadtmanae DSM 3091
Methylobacterium_mesophilicum_SR1_6_6	908290	Methylobacterium mesophilicum SR1.6/6
Methylobacterium_populi_BJ001	441620	Methylorubrum populi BJ001
Methylobacterium_radiotolerans_JCM_2831	426355	Methylobacterium radiotolerans JCM 2831
Methyloversatilis_universalis_FAM5	1000565	Methyloversatilis universalis FAM5
Methyloversatilis_universalis_Fam50001	983952	Methyloversatilis universalis Fam500
Microbacterium_gubbeenense_DSM_15944	1122237	Microbacterium gubbeenense DSM 15944
Microbacterium_oleivorans_NBRC_103075	1223528	Microbacterium oleivorans NBRC 103075
Microbacterium_paraoxydans_77MFTsu3_2	1151126	Microbacterium paraoxydans 77MFTsu3.2
Micrococcus_luteus_NCTC_2665	465515	Micrococcus luteus NCTC 2665
Micromonospora_aurantiaca_ATCC_27029	644283	Micromonospora aurantiaca ATCC 27029
Mitsuokella_jalaludinii_DSM_13811	1410665	Mitsuokella jalaludinii DSM 13811
Mitsuokella_multacida_DSM_20544	500635	Mitsuokella multacida DSM 20544
Mobiluncus_curtisii_ATCC_43063	548479	Mobiluncus curtisii ATCC 43063
Mogibacterium_timidum_ATCC_33093	1401079	Mogibacterium timidum ATCC 33093
Moraxella_catarrhalis_RH4	749219	Moraxella catarrhalis RH4
Morganella_morganii_subsp_morganii_KT	1124991	Morganella morganii subsp. morganii KT
Mycobacterium_avium_subsp_avium_ATCC_25291	553481	Mycobacterium avium subsp. avium ATCC 25291
Mycobacterium_fortuitum_subsp_fortuitum_DSM_46621	1214102	Mycolicibacterium fortuitum subsp. fortuitum DSM 46621 = ATCC 6841 = JCM 6387
Mycoplasma_hominis_ATCC_23114	347256	Mycoplasma hominis ATCC 23114
Mycoplasma_pneumoniae_309	1112856	Mycoplasma pneumoniae 309
Neisseria_cinerea_ATCC_14685	546262	Neisseria cinerea ATCC 14685
Neisseria_elongata_subsp_glycolytica_ATCC_29315	546263	Neisseria elongata subsp. glycolytica ATCC 29315
Neisseria_flavescens_SK114	596320	Neisseria flavescens SK114
Neisseria_macacae_ATCC_33926	997348	Neisseria macacae ATCC 33926
Neisseria_mucosa_ATCC_25996	546266	Neisseria mucosa ATCC 25996
Neisseria_subflava_NJ9703	546268	Neisseria subflava NJ9703
Nevskia_ramosa_DSM_11499	1122603	Nevskia ramosa DSM 11499
Oceanobacillus_picturae_strain_S1	333381	Oceanobacillus sp. S1
Ochrobactrum_anthropi_ATCC_49188	439375	Brucella anthropi ATCC 49188
Ochrobactrum_intermedium_LMG_3301	641118	Brucella intermedia LMG 3301
Odoribacter_laneus_YIT_12061	742817	Odoribacter laneus YIT 12061
Odoribacter_splanchnicus_1651_6_DSM_20712	709991	Odoribacter splanchnicus DSM 20712
Olsenella_profusa_F019501	1125712	Olsenella profusa F0195
Olsenella_uli_DSM_7084	633147	Olsenella uli DSM 7084
Oribacterium_sinus_F0268	585501	Oribacterium sinus F0268
Oxalobacter_formigenes_HOxBLS	556268	Oxalobacter formigenes HOxBLS
Oxalobacter_formigenes_OXCC13	556269	Oxalobacter formigenes OXCC13
Paenibacillus_alvei_DSM_29	1206781	Paenibacillus alvei DSM 29
Paenibacillus_barengoltzii_G22	1235795	Paenibacillus barengoltzii G22
Paenibacillus_daejeonensis_DSM_15491	1122917	Paenibacillus daejeonensis DSM 15491
Paenibacillus_lactis_154	743719	Paenibacillus lactis 154
Pantoea_agglomerans_IG1	1110694	Pantoea agglomerans IG1
Parabacteroides_distasonis_ATCC_8503	435591	Parabacteroides distasonis ATCC 8503
Parabacteroides_goldsteinii_dnLKV18	1235789	Parabacteroides goldsteinii dnLKV18
Parabacteroides_gordonii_DSM_23371	1203610	Parabacteroides gordonii MS-1 = DSM 23371
Parabacteroides_johnsonii_DSM_18315	537006	Parabacteroides johnsonii DSM 18315
Parabacteroides_merdae_ATCC_43184	411477	Parabacteroides merdae ATCC 43184
Parabacteroides_sp_D13	563193	Parabacteroides sp. D13
Paracoccus_yeei_ATCC_BAA_599	1446473	Paracoccus yeei ATCC BAA-599
Paraprevotella_clara_YIT_11840	762968	Paraprevotella clara YIT 11840
Paraprevotella_xylaniphila_YIT_11841	762982	Paraprevotella xylaniphila YIT 11841
Parasutterella_excrementihominis_YIT_11859	762966	Parasutterella excrementihominis YIT 11859
Parvimonas_micra_ATCC_33270	411465	Parvimonas micra ATCC 33270
Pediococcus_acidilactici_7_4	563194	Pediococcus acidilactici 7_4
Pediococcus_acidilactici_DSM_20284	862514	Pediococcus acidilactici DSM 20284
Pediococcus_pentosaceus_ATCC_25745	278197	Pediococcus pentosaceus ATCC 25745
Peptoniphilus_harei_ACS_146_V_Sch2b	908338	Peptoniphilus harei ACS-146-V-Sch2b
Peptoniphilus_indolicus_ATCC_29427	997350	Peptoniphilus indolicus ATCC 29427
Peptoniphilus_lacrimalis_DSM_7455	1122949	Peptoniphilus lacrimalis DSM 7455
Peptoniphilus_timonensis_JC401	1095770	Peptoniphilus timonensis JC401
Peptostreptococcus_anaerobius_DSM_2949	1122950	Peptostreptococcus anaerobius VPI 4330 = DSM 2949
Peptostreptococcus_stomatis_DSM_17678	596315	Peptostreptococcus stomatis DSM 17678
Phascolarctobacterium_succinatutens_YIT_12067	626939	Phascolarctobacterium succinatutens YIT 12067
Plesiomonas_shigelloides_302_73	1315976	Plesiomonas shigelloides 302-73
Porphyromonas_asaccharolytica_DSM_20707	879243	Porphyromonas asaccharolytica DSM 20707
Porphyromonas_endodontalis_ATCC_35406	553175	Porphyromonas endodontalis ATCC 35406
Porphyromonas_gingivalis_W83	242619	Porphyromonas gingivalis W83
Porphyromonas_somerae_DSM_23386	1122975	Porphyromonas somerae DSM 23386
Porphyromonas_uenonis_60_3	596327	Porphyromonas uenonis 60-3
Porphyromonas_uenonis_DSM_23387	1122976	Porphyromonas uenonis DSM 23387 = JCM 13868
Prevotella_albensis_DSM_11370	1122978	Prevotella albensis DSM 11370 = JCM 12258
Prevotella_bivia_DSM_20514	868129	Prevotella bivia DSM 20514
Prevotella_brevis_ATCC_19188	1408472	Prevotella brevis ATCC 19188
Prevotella_bryantii_B14	752555	Prevotella bryantii B14
Prevotella_bryantii_C21a	1280705	Prevotella bryantii C21a
Prevotella_buccae_ATCC_33574	873513	Prevotella buccae ATCC 33574
Prevotella_conceptionensis_9403948	1197728	Prevotella conceptionensis 9403948
Prevotella_copri_CB7_DSM_18205	537011	Prevotella copri DSM 18205
Prevotella_corporis_DSM_18810	1122981	Prevotella corporis DSM 18810 = JCM 8529
Prevotella_denticola_DSM20614	1122982	Prevotella denticola DSM 20614 = JCM 13449
Prevotella_denticola_F0289	767031	Prevotella denticola F0289
Prevotella_disiens_FB035_09AN	866771	Prevotella disiens FB035-09AN
Prevotella_disiens_JCM_6334	1235811	Prevotella disiens JCM 6334 = ATCC 29426
Prevotella_enoeca_JCM_12259	1235815	Prevotella enoeca JCM 12259
Prevotella_intermedia_17	246198	Prevotella intermedia 17
Prevotella_intermedia_ATCC_25611	1122984	Prevotella intermedia ATCC 25611 = DSM 20706
Prevotella_loescheii_DSM_19665	1122985	Prevotella loescheii DSM 19665 = JCM 12249 = ATCC 15930
Prevotella_melaninogenica_ATCC_25845	553174	Prevotella melaninogenica ATCC 25845
Prevotella_nanceiensis_DSM_19126	1122988	Prevotella nanceiensis DSM 19126 = JCM 15639
Prevotella_nigrescens_ATCC_33563	997352	Prevotella nigrescens ATCC 33563
Prevotella_oralis_ATCC_33269	873533	Prevotella oralis ATCC 33269
Prevotella_pallens_ATCC_700821	997353	Prevotella pallens ATCC 700821
Prevotella_ruminicola_23	264731	Prevotella ruminicola 23
Prevotella_salivae_DSM_15606	888832	Prevotella salivae DSM 15606
Prevotella_shahii_JCM_12083	1122991	Prevotella shahii DSM 15611 = JCM 12083
Prevotella_stercorea_DSM_18206	1002367	Prevotella stercorea DSM 18206
Prevotella_timonensis_4401737	1122992	Prevotella timonensis 4401737 = DSM 22865 = JCM 15640
Prevotella_timonensis_CRIS_5C_B1	679189	Prevotella timonensis CRIS 5C-B1
Prevotella_veroralis_DSM_19559	1122993	Prevotella veroralis DSM 19559 = JCM 6290
Propionibacterium_acidipropionici_ATCC_4875	1171373	Acidipropionibacterium acidipropionici ATCC 4875
Propionibacterium_acnes_KPA171202	267747	Cutibacterium acnes KPA171202
Propionibacterium_avidum_44067	1170318	Cutibacterium avidum 44067
Propionibacterium_freudenreichii_subsp_shermanii_CIRM_BIA1	754252	Propionibacterium freudenreichii subsp. shermanii CIRM-BIA1
Propionibacterium_granulosum_DSM_20700	1160719	Cutibacterium granulosum DSM 20700
Propionibacterium_jensenii_DSM_20535	1122997	Acidipropionibacterium jensenii DSM 20535
Propionibacterium_propionicum_F0230a	767029	Arachnia propionica F0230a
Proteus_mirabilis_ATCC_29906	525369	Proteus mirabilis ATCC 29906
Proteus_penneri_ATCC_35198	471881	Proteus penneri ATCC 35198
Providencia_alcalifaciens_DSM_30120	520999	Providencia alcalifaciens DSM 30120
Providencia_rettgeri_DSM_1131	521000	Providencia rettgeri DSM 1131
Providencia_rustigianii_DSM_4541	500637	Providencia rustigianii DSM 4541
Providencia_stuartii_ATCC_25827	471874	Providencia stuartii ATCC 25827
Pseudobutyrivibrio_ruminis_AD2017	1280694	Pseudobutyrivibrio ruminis AD2017
Pseudoflavonifractor_capillosus_strain_ATCC_29799	411467	Pseudoflavonifractor capillosus ATCC 29799
Pseudomonas_aeruginosa_NCGM2_S1	1089456	Pseudomonas aeruginosa NCGM2.S1
Pseudomonas_alcaliphila_34	1248438	Pseudomonas alcaliphila 34
Pseudomonas_fluorescens_PfO_1	205922	Pseudomonas fluorescens Pf0-1
Pseudomonas_monteilii_NBRC_103158	1215110	Pseudomonas monteilii NBRC 103158 = DSM 14164
Pseudomonas_monteilii_QM	1123524	Pseudomonas monteilii QM
Pseudomonas_nitroreducens_HBP1	1437882	Pseudomonas nitroreducens HBP1
Pseudomonas_oleovorans_MOIL14HWK12	1033992	Pseudomonas oleovorans MOIL14HWK12
Pseudomonas_putida_F1	351746	Pseudomonas putida F1
Pseudomonas_stutzeri_DSM_4166	996285	Pseudomonas stutzeri DSM 4166
Pseudoramibacter_alactolyticus_ATCC_23263	887929	Pseudoramibacter alactolyticus ATCC 23263
Pyramidobacter_piscolens_W5455	352165	Pyramidobacter piscolens W5455
Ralstonia_sp_5_7_47FAA	329	Ralstonia pickettii
Raoultella_planticola_ATCC_33531	1005996	Raoultella planticola ATCC 33531
Rhodococcus_equi_ATCC_33707	525370	Rhodococcus hoagii ATCC 33707
Rhodococcus_equi_NBRC_101255	1219013	Rhodococcus hoagii NBRC 101255 = C 7
Rhodococcus_erythropolis_PR4	234621	Rhodococcus erythropolis PR4
Rhodococcus_rhodochrous_ATCC_21198	1429046	Rhodococcus rhodochrous ATCC 21198
Roseburia_hominis_A2_183	585394	Roseburia hominis A2-183
Roseburia_intestinalis_L1_82	536231	Roseburia intestinalis L1-82
Roseburia_inulinivorans_DSM_16841	622312	Roseburia inulinivorans DSM 16841
Roseomonas_mucosa_ATCC_BAA_692	1448136	Roseomonas mucosa ATCC BAA-692
Rothia_aeria_F0474	1125724	Rothia aeria F0474
Rothia_dentocariosa_ATCC_17931	762948	Rothia dentocariosa ATCC 17931
Rothia_mucilaginosa_DY_18	680646	Rothia mucilaginosa DY-18
Rudanella_lutea_DSM_19387	1089547	Rudanella lutea DSM 19387
Ruminococcaceae_bacterium_D16	552398	Ruminococcaceae bacterium D16
Ruminococcus_albus_7	697329	Ruminococcus albus 7 = DSM 20455
Ruminococcus_bicirculans_80_3	1160721	Ruminococcus bicirculans
Ruminococcus_bromii_L2_63	657321	Ruminococcus bromii L2-63
Ruminococcus_callidus_ATCC_2776001	411473	Ruminococcus callidus ATCC 27760
Ruminococcus_champanellensis_18P13	213810	Ruminococcus champanellensis 18P13 = JCM 17042
Ruminococcus_flavefaciens_ATCC_19208	1336236	Ruminococcus flavefaciens ATCC 19208
Ruminococcus_flavefaciens_FD_1	641112	Ruminococcus flavefaciens FD-1
Ruminococcus_gauvreauii_DSM_19829	1123075	Ruminococcus gauvreauii DSM 19829
Ruminococcus_gnavus_ATCC_29149	411470	[Ruminococcus] gnavus ATCC 29149
Ruminococcus_lactaris_ATCC_29176	471875	[Ruminococcus] lactaris ATCC 29176
Ruminococcus_obeum_A2_162	657314	Blautia obeum A2-162
Ruminococcus_sp_5_1_39BFAA	457412	Ruminococcus sp. 5_1_39BFAA
Ruminococcus_sp_SR1_5	657323	Ruminococcus sp. SR1/5
Ruminococcus_torques_ATCC_27756	411460	[Ruminococcus] torques ATCC 27756
Ruminococcus_torques_L2_14	657313	[Ruminococcus] torques L2-14
Salmonella_enterica_enterica_sv_Typhimurium_LT2	1159899	Salmonella enterica subsp. enterica serovar Typhimurium str. LT2-4
Scardovia_inopinata_F0304	641146	Scardovia inopinata F0304
Schlesneria_paludicola_DSM_18645	1123242	Schlesneria paludicola DSM 18645
Selenomonas_ruminantium_AC2024	1392501	Selenomonas ruminantium AC2024
Serratia_fonticola_RB_25	1441930	Chania multitudinisentens RB-25
Serratia_liquefaciens_ATCC_27592	1346614	Serratia liquefaciens ATCC 27592
Serratia_marcescens_subsp_marcescens_Db11	273526	Serratia marcescens subsp. marcescens Db11
Shigella_dysenteriae_Sd197	300267	Shigella dysenteriae Sd197
Shigella_flexneri_2002017	591020	Shigella flexneri 2002017
Shigella_sonnei_Ss046	300269	Shigella sonnei Ss046
Silanimonas_lenta_DSM_16282	1123253	Silanimonas lenta DSM 16282
Slackia_exigua_ATCC_700122	649764	Slackia exigua ATCC 700122
Slackia_piriformis_YIT_12062	742818	Slackia piriformis YIT 12062
Solobacterium_moorei_DSM_22971	1123263	Solobacterium moorei DSM 22971
Solobacterium_moorei_F0204	706433	Solobacterium moorei F0204
Sphingomonas_paucimobilis_HER1398	1346330	Sphingobacterium paucimobilis HER1398
Spirosoma_linguale_DSM_74	504472	Spirosoma linguale DSM 74
Staphylococcus_arlettae_CVD059	1212545	Staphylococcus arlettae CVD059
Staphylococcus_aureus_subsp_aureus_USA300_FPR3757	451515	Staphylococcus aureus subsp. aureus USA300_FPR3757
Staphylococcus_capitis_CR0101	1296619	Staphylococcus capitis CR01
Staphylococcus_capitis_QN1	1189311	Staphylococcus capitis QN1
Staphylococcus_caprae_C87	435838	Staphylococcus capitis C87
Staphylococcus_cohnii_hu_01	1415164	Staphylococcus cohnii hu-01
Staphylococcus_epidermidis_ATCC_12228	176280	Staphylococcus epidermidis ATCC 12228
Staphylococcus_equorum_subsp_equorum_Mu2	1159488	Staphylococcus equorum subsp. equorum Mu2
Staphylococcus_haemolyticus_JCSC1435	279808	Staphylococcus haemolyticus JCSC1435
Staphylococcus_hominis_subsp_hominis_C80	435837	Staphylococcus hominis subsp. hominis C80
Staphylococcus_lugdunensis_HKU09_01	698737	Staphylococcus lugdunensis HKU09-01
Staphylococcus_pasteuri_SP1	1276282	Staphylococcus pasteuri SP1
Staphylococcus_pettenkoferi_VCU012	904314	Staphylococcus pettenkoferi VCU012
Staphylococcus_saprophyticus_subsp_saprophyticus_ATCC_15305	342451	Staphylococcus saprophyticus subsp. saprophyticus ATCC 15305 = NCTC 7292
Staphylococcus_sciuri_subsp_sciuri_Z8	1232666	Mammaliicoccus sciuri
Staphylococcus_simulans_ACS_120_V_Sch1	883166	Staphylococcus simulans ACS-120-V-Sch1
Staphylococcus_vitulinus_F1028	1167632	Mammaliicoccus vitulinus F1028
Staphylococcus_warneri_SG1	1194526	Staphylococcus warneri SG1
Staphylococcus_xylosus_DMB3_Bh1	1353979	Staphylococcus xylosus DMB3-Bh1
Staphylococcus_xylosus_NJ	1262650	Staphylococcus xylosus NJ
Stenotrophomonas_maltophilia_D457	1163399	Stenotrophomonas maltophilia D457
Stenotrophomonas_rhizophila_PCA13	1255680	Stenotrophomonas rhizophila PCA13
Stoquefichus_massiliensis_AP9	1211844	Candidatus Stoquefichus massiliensis AP9
Streptococcus_agalactiae_A909	205921	Streptococcus agalactiae A909
Streptococcus_anginosus_1_2_62CV	742820	Streptococcus anginosus 1_2_62CV
Streptococcus_australis_ATCC_700641	888833	Streptococcus australis ATCC 700641
Streptococcus_constellatus_subsp_constellatus_SK53	1095730	Streptococcus constellatus subsp. constellatus SK53
Streptococcus_constellatus_subsp_pharyngis_SK1060	1035184	Streptococcus constellatus subsp. pharyngis SK1060 = CCUG 46377
Streptococcus_cristatus_ATCC_51100	889201	Streptococcus cristatus ATCC 51100
Streptococcus_dysgalactiae_subsp_dysgalactiae_ATCC_27957	663952	Streptococcus dysgalactiae subsp. dysgalactiae ATCC 27957
Streptococcus_equi_subsp_equi_4047	553482	Streptococcus equi subsp. equi 4047
Streptococcus_equinus_ATCC_9812	525379	Streptococcus equinus ATCC 9812
Streptococcus_gallolyticus_subsp_gallolyticus_ATCC_43143	981539	Streptococcus gallolyticus subsp. gallolyticus ATCC 43143
Streptococcus_gordonii_str_Challis_substr_CH1	467705	Streptococcus gordonii str. Challis substr. CH1
Streptococcus_infantarius_subsp_infantarius_ATCC_BAA_102	471872	Streptococcus infantarius subsp. infantarius ATCC BAA-102
Streptococcus_infantis_ATCC_700779	889204	Streptococcus infantis ATCC 700779
Streptococcus_intermedius_JTH08	591365	Streptococcus intermedius JTH08
Streptococcus_lutetiensis_033	1076934	Streptococcus lutetiensis 033
Streptococcus_mitis_NCTC_12261	246201	Streptococcus mitis NCTC 12261
Streptococcus_mutans_ATCC_25175	1257041	Streptococcus mutans ATCC 25175
Streptococcus_oralis_Uo5	927666	Streptococcus oralis Uo5
Streptococcus_parasanguinis_ATCC_903	888048	Streptococcus parasanguinis ATCC 903
Streptococcus_parauberis_KCTC_11537	936154	Streptococcus parauberis KCTC 11537
Streptococcus_peroris_ATCC_700780	888746	Streptococcus peroris ATCC 700780
Streptococcus_pleomorphus_DSM_20574	1123313	Faecalicoccus pleomorphus DSM 20574
Streptococcus_pneumoniae_G54	512566	Streptococcus pneumoniae G54
Streptococcus_pseudopneumoniae_IS7493	1054460	Streptococcus pseudopneumoniae IS7493
Streptococcus_pyogenes_MGAS9429	370551	Streptococcus pyogenes MGAS9429
Streptococcus_salivarius_JIM8777	347253	Streptococcus salivarius JIM8777
Streptococcus_sanguinis_SK36	388919	Streptococcus sanguinis SK36
Streptococcus_sp_2_1_36FAA	469609	Streptococcus sp. 2_1_36FAA
Streptococcus_sp_I_G2	1156431	Streptococcus ilei
Streptococcus_sp_I_P16	1156433	Streptococcus ilei
Streptococcus_thermophilus_LMG_18311	264199	Streptococcus thermophilus LMG 18311
Streptococcus_thoraltensis_DSM_12221	1123318	Streptococcus thoraltensis DSM 12221
Streptococcus_uberis_0140J	218495	Streptococcus uberis 0140J
Streptococcus_vestibularis_F0396	904306	Streptococcus vestibularis F0396
Subdoligranulum_variabile_DSM_15176	411471	Subdoligranulum variabile DSM 15176
Succinatimonas_hippei_YIT_12066	762983	Succinatimonas hippei YIT 12066
Succinivibrio_dextrinosolvens_H5	1410676	Succinivibrio dextrinosolvens H5
Sulfolobus_solfataricus_P2	273057	Saccharolobus solfataricus P2
Sutterella_parvirubra_YIT_11816	762967	Sutterella parvirubra YIT 11816
Sutterella_wadsworthensis_3_1_45B	742821	Sutterella wadsworthensis 3_1_45B
Tannerella_forsythia_ATCC_43037	28112	Tannerella forsythia
Tatumella_ptyseos_ATCC_33301	1005995	Tatumella ptyseos ATCC 33301
Trabulsiella_guamensis_ATCC_49490	1005994	Trabulsiella guamensis ATCC 49490
Tropheryma_whipplei_str_Twist	203267	Tropheryma whipplei str. Twist
Trueperella_pyogenes_MS249	1448141	Trueperella pyogenes MS249
Ureaplasma_parvum_serovar_1_str_ATCC_27813	515608	Ureaplasma parvum serovar 1 str. ATCC 27813
Ureaplasma_urealyticum_serovar_8_str_ATCC_27618	626095	Ureaplasma urealyticum serovar 8 str. ATCC 27618
Ureibacillus_thermosphaericus_str_Thermo_BF	1160707	Ureibacillus thermosphaericus str. Thermo-BF
Varibaculum_cambriense_DSM_15806	1123488	Varibaculum cambriense DSM 15806
Veillonella_atypica_ACS_049_V_Sch6	866776	Veillonella atypica ACS-049-V-Sch6
Veillonella_dispar_ATCC_17748	546273	Veillonella dispar ATCC 17748
Veillonella_parvula_Te3_DSM_2008	479436	Veillonella parvula DSM 2008
Veillonella_ratti_ACS_216_V_Col6b	883156	Veillonella seminalis ACS-216-V-Col6b
Veillonella_sp_3_1_44	457416	Veillonella sp. 3_1_44
Veillonella_sp_6_1_27	450749	Veillonella sp. 6_1_27
Vibrio_fluvialis_560	1315312	Vibrio fluvialis 560
Vibrio_fluvialis_I21563	1336753	Vibrio fluvialis I21563
Vibrio_fluvialis_PG41	1336752	Vibrio fluvialis PG41
Vibrio_furnissii_NCTC_11218	903510	Vibrio furnissii NCTC 11218
Vibrio_mimicus_MB_451	675806	Vibrio mimicus MB451
Vibrio_parahaemolyticus_RIMD_2210633	223926	Vibrio parahaemolyticus RIMD 2210633
Weissella_cibaria_KACC_11862	911104	Weissella cibaria KACC 11862
Weissella_confusa_LBAE_C39_2	1127131	Weissella confusa LBAE C39-2
Weissella_paramesenteroides_ATCC_33313	585506	Weissella paramesenteroides ATCC 33313
Yersinia_bercovieri_ATCC_43970	349968	Yersinia bercovieri ATCC 43970
Yersinia_enterocolitica_subsp_enterocolitica_8081	393305	Yersinia enterocolitica subsp. enterocolitica 8081
Yersinia_frederiksenii_ATCC_33641	349966	Yersinia frederiksenii ATCC 33641
Yersinia_kristensenii_ATCC_33638	527012	Yersinia kristensenii ATCC 33638
Yersinia_pseudotuberculosis_YPIII	502800	Yersinia pseudotuberculosis YPIII
Yersinia_rohdei_ATCC_43380	527004	Yersinia rohdei ATCC 43380
Yokenella_regensburgei_ATCC_43003	1002368	Yokenella regensburgei ATCC 43003
