genome_name	genome_score
Abiotrophia_defectiva_ATCC_49176	15.86
Achromobacter_xylosoxidans_A8	28.68
Achromobacter_xylosoxidans_NBRC_15126	29.07
Acidaminococcus_fermentans_DSM_20731	27.06
Acidaminococcus_intestini_RyC_MR95	23.68
Acidaminococcus_sp_D21	23.81
Acinetobacter_baumannii_AB0057	27.05
Acinetobacter_calcoaceticus_PHEA_2	27.31
Acinetobacter_haemolyticus_NIPH_261	26.91
Acinetobacter_johnsonii_SH046	26.33
Acinetobacter_junii_SH205	26.66
Acinetobacter_lwoffii_WJ10621	25.30
Acinetobacter_pittii_ANC_4052	27.31
Acinetobacter_radioresistens_NIPH_2130	26.52
Actinobacillus_pleuropneumoniae_L20	28.27
Actinomyces_cardiffensis_F0333	25.55
Actinomyces_georgiae_DSM_6843	23.92
Actinomyces_graevenitzii_C83	21.31
Actinomyces_naeslundii_str_Howell_279	26.55
Actinomyces_odontolyticus_ATCC_17982	23.67
Actinomyces_oris_K20	22.79
Actinomyces_turicensis_ACS_279_V_Col4	22.77
Actinomyces_urogenitalis_DSM_15434	24.80
Actinomyces_viscosus_C505	26.24
Adlercreutzia_equolifaciens_DSM_19450	25.00
Aerococcus_viridans_ATCC_11563	24.29
Aeromonas_caviae_Ae398	29.54
Aeromonas_hydrophila_subsp_hydrophila_ATCC_7966	29.54
Aeromonas_jandaei_Riv2	29.54
Aeromonas_media_WS	29.14
Aeromonas_veronii_B565	29.94
Afipia_birgiae_34632	27.63
Aggregatibacter_aphrophilus_NJ8700	26.13
Agrobacterium_tumefaciens_F2	30.76
Akkermansia_muciniphila_ATCC_BAA_835	28.37
Alcaligenes_faecalis_subsp_faecalis_NBRC_13111	26.89
Alcaligenes_faecalis_subsp_faecalis_NCIB_8687	26.89
Alistipes_finegoldii_DSM_17242	23.83
Alistipes_indistinctus_YIT_12060	28.01
Alistipes_onderdonkii_DSM_19147	24.03
Alistipes_putredinis_DSM_17216	17.81
Alistipes_shahii_WAL_8301	24.46
Alloprevotella_tannerae_ATCC_51259	18.56
Anaerobaculum_hydrogeniformans_OS1_ATCC_BAA_1850	25.69
Anaerobiospirillum_succiniciproducens_DSM_640001	28.57
Anaerococcus_hydrogenalis_DSM_7454	16.35
Anaerococcus_prevotii_DSM_20548	13.69
Anaerococcus_vaginalis_ATCC_51170	13.32
Anaerofustis_stercorihominis_DSM_17244	23.40
Anaerostipes_caccae_DSM_14662	30.71
Anaerostipes_hadrus_DSM_3319	27.82
Anaerostipes_sp_3_2_56FAA	29.93
Anaerotruncus_colihominis_DSM_17241	25.15
Aneurinibacillus_aneurinilyticus_ATCC_12856	28.38
Arcanobacterium_haemolyticum_DSM_20595	15.71
Arcobacter_butzleri_RM4018	26.32
Arthrobacter_castelli_DSM_16402	29.15
Atopobium_minutum_10063974	15.49
Atopobium_parvulum_DSM_20469	16.10
Atopobium_rimae_ATCC_49626	16.83
Bacillus_altitudinis_41KF2b	29.32
Bacillus_amyloliquefaciens_DSM7	27.93
Bacillus_amyloliquefaciens_subsp_amyloliquefaciens_DC_12	29.13
Bacillus_atrophaeus_ATCC_49822_1	30.02
Bacillus_cereus_AH187_F4810_72	29.44
Bacillus_cereus_G9842	29.58
Bacillus_clausii_KSM_K16	29.13
Bacillus_endophyticus_2102	30.74
Bacillus_firmus_DS1	30.26
Bacillus_flexus_27Col1_1E	31.96
Bacillus_fordii_DSM_16014	27.58
Bacillus_halodurans_C_125	31.16
Bacillus_infantis_NRRL_B_14911	30.51
Bacillus_licheniformis_ATCC_14580	30.55
Bacillus_megaterium_DSM319	31.56
Bacillus_mojavensis_RO_H_1	30.22
Bacillus_mycoides_DSM_2048	29.31
Bacillus_nealsonii_AAU1	30.34
Bacillus_pseudofirmus_OF4	29.21
Bacillus_pumilus_ATCC_7061	29.22
Bacillus_sonorensis_L12	29.47
Bacillus_subtilis_str_168	30.22
Bacillus_thuringiensis_serovar_thuringiensis_str_T01001	29.44
Bacillus_timonensis_10403023	29.61
Bacillus_vallismortis_DV1_F_3	28.09
Bacteroides_caccae_ATCC_43185	29.11
Bacteroides_cellulosilyticus_DSM_14838	29.72
Bacteroides_clarus_YIT_12056	30.29
Bacteroides_coprocola_M16_DSM_17136	28.33
Bacteroides_coprophilus_DSM_18228	28.24
Bacteroides_dorei_DSM_17855	30.63
Bacteroides_eggerthii_1_2_48FAA	29.11
Bacteroides_eggerthii_DSM_20697	29.11
Bacteroides_faecis_MAJ27	29.25
Bacteroides_finegoldii_DSM_17565	28.86
Bacteroides_fluxus_YIT_12057	29.98
Bacteroides_fragilis_3_1_12	30.39
Bacteroides_fragilis_638R	30.19
Bacteroides_fragilis_NCTC_9343	30.39
Bacteroides_fragilis_YCH46	30.39
Bacteroides_graminisolvens_DSM_19988	30.88
Bacteroides_intestinalis_341_DSM_17393	30.58
Bacteroides_nordii_CL02T12C05	29.11
Bacteroides_oleiciplenus_YIT_12058	30.68
Bacteroides_ovatus_ATCC_8483	29.68
Bacteroides_ovatus_SD_CC_2a	28.87
Bacteroides_ovatus_SD_CMC_3f	29.68
Bacteroides_pectinophilus_ATCC_43243	28.19
Bacteroides_plebeius_M12_DSM_17135	30.12
Bacteroides_pyogenes_DSM20611	30.12
Bacteroides_salyersiae_WAL_10018	28.91
Bacteroides_sp_1_1_14	29.25
Bacteroides_sp_1_1_30	29.03
Bacteroides_sp_1_1_6	29.11
Bacteroides_sp_20_3	30.59
Bacteroides_sp_2_1_22	28.94
Bacteroides_sp_2_1_33B	30.59
Bacteroides_sp_2_1_7	30.59
Bacteroides_sp_2_2_4	29.52
Bacteroides_sp_3_1_19	30.59
Bacteroides_sp_3_1_23	29.68
Bacteroides_sp_3_1_33FAA	30.88
Bacteroides_sp_3_1_40A	30.99
Bacteroides_sp_3_2_5	30.19
Bacteroides_sp_4_1_36	29.75
Bacteroides_sp_4_3_47FAA	30.99
Bacteroides_sp_9_1_42FAA	30.99
Bacteroides_sp_D1	29.11
Bacteroides_sp_D2	30.68
Bacteroides_sp_D20	30.29
Bacteroides_sp_D22	29.11
Bacteroides_stercoris_ATCC_43183	29.11
Bacteroides_thetaiotaomicron_VPI_5482	29.11
Bacteroides_timonensis_AP1	30.79
Bacteroides_uniformis_ATCC_8492	30.29
Bacteroides_ureolyticus_DSM_20703	24.17
Bacteroides_vulgatus_ATCC_8482	30.99
Bacteroides_xylanisolvens_SD_CC_1b	28.94
Bacteroides_xylanisolvens_XB1A	28.38
Barnesiella_intestinihominis_YIT_11860	24.86
Bartonella_quintana_Toulouse	19.39
Bifidobacterium_adolescentis_ATCC_15703	25.27
Bifidobacterium_angulatum_DSM_20098	25.80
Bifidobacterium_animalis_lactis_AD011	24.15
Bifidobacterium_animalis_lactis_BB_12	24.15
Bifidobacterium_animalis_lactis_Bi_07	24.15
Bifidobacterium_animalis_lactis_Bl_04_ATCC_SD5219	24.15
Bifidobacterium_animalis_lactis_CNCM_I_2494	24.15
Bifidobacterium_animalis_lactis_DSM_10140	24.15
Bifidobacterium_animalis_lactis_V9	24.15
Bifidobacterium_bifidum_BGN4	25.15
Bifidobacterium_bifidum_NCIMB_41171	25.15
Bifidobacterium_bifidum_PRL2010	25.15
Bifidobacterium_bifidum_S17	25.15
Bifidobacterium_boum_DSM_20432	25.07
Bifidobacterium_breve_HPH0326	25.00
Bifidobacterium_breve_UCC2003_NCIMB8807	25.00
Bifidobacterium_catenulatum_DSM_16992	25.62
Bifidobacterium_coryneforme_DSM_20216	23.12
Bifidobacterium_dentium_ATCC_27678	25.41
Bifidobacterium_gallicum_DSM_20093	24.02
Bifidobacterium_kashiwanohense_DSM_21854	25.62
Bifidobacterium_longum_DJO10A	24.89
Bifidobacterium_longum_E18	25.09
Bifidobacterium_longum_NCC2705	25.09
Bifidobacterium_longum_infantis_157F_NC	25.09
Bifidobacterium_longum_infantis_ATCC_15697	26.99
Bifidobacterium_longum_longum_ATCC_55813	25.09
Bifidobacterium_longum_longum_BBMN68	25.09
Bifidobacterium_longum_longum_CCUG_52486	25.23
Bifidobacterium_longum_longum_JCM_1217	25.09
Bifidobacterium_longum_longum_JDM301	26.44
Bifidobacterium_mongoliense_DSM_21395	23.73
Bifidobacterium_pseudocatenulatum_DSM_20438	24.99
Bifidobacterium_pseudolongum_subsp_Pseudolongum_DSM_20099	24.40
Bifidobacterium_ruminantium_DSM_6489	25.61
Bifidobacterium_scardovii_JCM_12489	25.07
Bifidobacterium_stercoris_DSM_24849	25.15
Bifidobacterium_thermacidophilum_subsp_thermacidophilum_DSM_15837	25.13
Bifidobacterium_thermophilum_RBL67	25.27
Bilophila_wadsworthia_3_1_6	28.15
Blastococcus_massiliensis_AP3	28.96
Blautia_hansenii_VPI_C7_24_DSM_20583	29.22
Blautia_hydrogenotrophica_DSM_10507	29.60
Blautia_obeum_ATCC_29174	29.69
Blautia_producta_DSM_2950	30.63
Blautia_wexlerae_DSM_19850	29.66
Bordetella_hinzii_OH87_BAL007II	27.83
Brachybacterium_paraconglomeratum_LC44	28.09
Brachyspira_pilosicoli_B2904	23.85
Bradyrhizobium_elkanii_USDA_76	30.39
Bradyrhizobium_japonicum_USDA_6	30.79
Brevibacillus_agri_5_2	30.61
Brevibacillus_agri_BAB_2500	29.61
Brevibacillus_borstelensis_AK1	29.74
Brevibacillus_brevis_NBRC_100599	30.01
Brevibacterium_casei_S18	26.35
Brevibacterium_linens_BL2	26.39
Brevibacterium_massiliense_5401308	26.04
Brevundimonas_bacteroides_DSM_4726	28.63
Brevundimonas_diminuta_470_4	27.43
Brochothrix_thermosphacta_DSM_20171	26.50
Bulleidia_extructa_W1219	10.59
Burkholderia_cepacia_GG4	29.92
Burkholderiales_bacterium_1_1_47	25.27
Butyricicoccus_pullicaecorum_1_2	29.50
Butyricimonas_synergistica_DSM_23225	22.65
Butyricimonas_virosa_DSM_23226	22.85
Butyrivibrio_crossotus_DSM_2876	26.86
Butyrivibrio_fibrisolvens_16_4	29.90
Campylobacter_coli_JV20	25.33
Campylobacter_concisus_13826	24.02
Campylobacter_curvus_525_92	25.78
Campylobacter_fetus_subsp_fetus_82_40	25.82
Campylobacter_gracilis_RM3268	24.95
Campylobacter_hominis_ATCC_BAA_381	25.25
Campylobacter_hyointestinalis_subsp_hyointestinalis_LMG_9260	25.72
Campylobacter_jejuni_jejuni_81_176	25.28
Campylobacter_jejuni_jejuni_ICDCCJ07004	25.13
Campylobacter_jejuni_jejuni_M1	25.28
Campylobacter_jejuni_jejuni_NCTC_11168	25.48
Campylobacter_lari_RM2100	21.42
Campylobacter_rectus_RM3267	24.75
Campylobacter_showae_CSUNSWCD	24.60
Campylobacter_upsaliensis_JV21	22.28
Candidatus_Nitrososphaera_gargensis_Ga9_2	17.33
Capnocytophaga_granulosa_ATCC_51502	20.00
Capnocytophaga_ochracea_DSM_7271	18.30
Capnocytophaga_sputigena_ATCC_33612	19.80
Catenibacterium_mitsuokai_DSM_15897	25.98
Cedecea_davisae_DSM_4568	30.30
Cellulosilyticum_lentocellum_DSM_5427	31.71
Cellulosimicrobium_cellulans_J36	28.86
Cetobacterium_somerae_ATCC_BAA_47401	25.79
Citrobacter_amalonaticus_Y19	32.19
Citrobacter_freundii_ATCC_8090	32.19
Citrobacter_freundii_UCI_31	32.19
Citrobacter_koseri_ATCC_BAA_895	32.36
Citrobacter_sp_30_2	31.19
Citrobacter_youngae_ATCC_29220	32.19
Cloacibacillus_evryensis_DSM_19522	25.60
Clostridiales_sp_1_7_47FAA	31.17
Clostridium_acetobutylicum_ATCC_824	31.32
Clostridium_asparagiforme_DSM_15981	28.81
Clostridium_bartlettii_DSM_16795	29.52
Clostridium_beijerinckii_NCIMB_8052	32.16
Clostridium_bifermentans_ATCC_19299	21.70
Clostridium_bolteae_ATCC_BAA_613	31.82
Clostridium_botulinum_A_str_ATCC_19397	23.72
Clostridium_botulinum_A_str_ATCC_3502	23.72
Clostridium_botulinum_A_str_Hall	23.72
Clostridium_botulinum_Bf	24.17
Clostridium_botulinum_E1_str_BoNT_E_Beluga	29.71
Clostridium_botulinum_F_str_230613	23.81
Clostridium_butyricum_DSM_10702	32.01
Clostridium_butyricum_E4_str_BoNT_E_BL5262	32.01
Clostridium_cadaveris_AGR2141	22.06
Clostridium_celatum_DSM_1785	30.00
Clostridium_cellobioparum_DSM_1351	30.34
Clostridium_citroniae_WAL_17108	31.17
Clostridium_clariflavum_DSM_19732	29.55
Clostridium_clostridioforme_CM201	31.57
Clostridium_difficile_CD196	27.69
Clostridium_difficile_NAP07	27.94
Clostridium_difficile_NAP08	27.86
Clostridium_difficile_R20291	28.02
Clostridium_glycolicum_ATCC_14880	27.76
Clostridium_hathewayi_12489931	30.37
Clostridium_hathewayi_DSM_13479	29.11
Clostridium_hiranonis_TO_931_DSM_13275	22.23
Clostridium_hylemonae_DSM_15053	28.36
Clostridium_indolis_DSM_755	31.23
Clostridium_innocuum_2959	27.68
Clostridium_leptum_DSM_753	26.43
Clostridium_methoxybenzovorans_SR3	31.23
Clostridium_methylpentosum_R2_DSM_5476	26.93
Clostridium_nexile_DSM_1787	27.33
Clostridium_paraputrificum_AGR2156	28.58
Clostridium_perfringens_ATCC_13124	25.08
Clostridium_ramosum_VPI_0427_DSM_1402	28.34
Clostridium_saccharogumia_DSM_17460	27.95
Clostridium_saccharoperbutylacetonicum_N1_4_HMT	32.27
Clostridium_sartagoforme_AAU1	29.18
Clostridium_scindens_ATCC_35704	27.59
Clostridium_sordellii_ATCC_9714	18.75
Clostridium_sp_7_2_43FAA	28.18
Clostridium_sp_L2_50	27.23
Clostridium_sp_M62_1	26.21
Clostridium_sp_SS2_1	27.82
Clostridium_sp_SY8519	29.17
Clostridium_spiroforme_DSM_1552	27.15
Clostridium_sporogenes_ATCC_15579	24.34
Clostridium_sporosphaeroides_DSM_1294	27.58
Clostridium_sticklandii_DSM_519	28.86
Clostridium_symbiosum_ATCC_14940	28.51
Clostridium_symbiosum_WAL_14163	28.76
Clostridium_symbiosum_WAL_14673	28.31
Clostridium_tyrobutyricum_DSM_2637	30.10
Clostridium_viride_DSM_6836	25.19
Collinsella_aerofaciens_ATCC_25986	26.62
Collinsella_intestinalis_DSM_13280	19.03
Collinsella_stercoris_DSM_13279	20.24
Collinsella_tanakaei_YIT_12063	29.51
Comamonas_testosteroni_CNB_2	28.62
Coprobacillus_sp_29_1	28.15
Coprobacillus_sp_D7	28.34
Coprococcus_catus_GD_7	28.91
Coprococcus_comes_ATCC_27758	28.01
Coprococcus_eutactus_ATCC_27759	27.02
Corynebacterium_ammoniagenes_DSM_20306	28.88
Corynebacterium_amycolatum_SK46	28.01
Corynebacterium_aurimucosum_ATCC_700975	27.79
Corynebacterium_durum_F0235	28.00
Corynebacterium_glucuronolyticum_ATCC_51867	28.76
Corynebacterium_kroppenstedtii_DSM_44385	26.14
Corynebacterium_propinquum_DSM_44285	26.67
Corynebacterium_striatum_ATCC_6940	28.33
Corynebacterium_tuberculostearicum_SK141	24.77
Corynebacterium_ulcerans_809	28.61
Cronobacter_sakazakii_ATCC_BAA_894	30.64
Cryptobacterium_curtum_DSM_15641	20.19
Curtobacterium_flaccumfaciens_UCD_AKU	26.84
Delftia_acidovorans_SPH_1	28.82
Desulfovibrio_desulfuricans_subsp_desulfuricans_DSM_642	28.71
Desulfovibrio_piger_ATCC_29098	28.10
Desulfovibrio_sp_3_1_syn3	28.37
Dialister_invisus_DSM_15470	21.11
Dialister_succinatiphilus_YIT_11850	25.20
Dietzia_cinnamea_P4	28.66
Dorea_formicigenerans_ATCC_27755	31.07
Dorea_longicatena_DSM_13814	28.31
Dyadobacter_beijingensis_DSM_21582	30.36
Dyadobacter_fermentans_DSM_18053	30.16
Dysgonomonas_gadei_ATCC_BAA_286	30.52
Edwardsiella_tarda_ATCC_23685	30.62
Edwardsiella_tarda_FL6_60	31.92
Eggerthella_lenta_DSM_2243	24.48
Eggerthella_sp_1_3_56FAA	23.67
Eggerthella_sp_YY7918	24.43
Eggerthia_catenaformis_OT_569	21.41
Eikenella_corrodens_ATCC_23834	23.78
Enterobacter_aerogenes_KCTC_2190	31.07
Enterobacter_asburiae_LF7a	30.50
Enterobacter_cancerogenus_ATCC_35316	30.50
Enterobacter_cloacae_EcWSU1	30.50
Enterobacter_hormaechei_YT2	30.50
Enterobacter_hormaechei_YT3	30.50
Enterobacteriaceae_bacterium_9_2_54FAA	30.98
Enterococcus_asini_ATCC_700915	27.24
Enterococcus_avium_ATCC_14025	29.32
Enterococcus_caccae_ATCC_BAA_1240	27.21
Enterococcus_casseliflavus_ATCC_12755	27.37
Enterococcus_cecorum_DSM_20682	26.71
Enterococcus_dispar_ATCC_51266	25.50
Enterococcus_durans_ATCC_6056	21.85
Enterococcus_faecalis_OG1RF_ATCC_47077	20.24
Enterococcus_faecalis_TX0104	19.97
Enterococcus_faecalis_TX1322	20.09
Enterococcus_faecalis_TX2134	20.24
Enterococcus_faecalis_V583	20.24
Enterococcus_faecium_TX1330	20.30
Enterococcus_gallinarum_EG2	25.71
Enterococcus_hirae_ATCC_9790	19.75
Enterococcus_phoeniculicola_ATCC_BAA_412	21.44
Enterococcus_saccharolyticus_DSM8903	28.19
Enterococcus_sp_7L76	20.07
Erysipelotrichaceae_bacterium_5_2_54FAA	23.33
Erysipelotrichaceae_bacterium_sp_3_1_53	27.88
Escherichia_albertii_KF1	31.07
Escherichia_albertii_TW07627	31.07
Escherichia_coli_O157_H7_str_Sakai	31.07
Escherichia_coli_SE11	31.07
Escherichia_coli_UTI89_UPEC	31.07
Escherichia_coli_str_K_12_substr_MG1655	31.07
Escherichia_fergusonii_ATCC_35469	30.50
Escherichia_hermannii_NBRC_105704	31.36
Escherichia_sp_1_1_43	31.07
Escherichia_sp_3_2_53FAA	31.07
Escherichia_sp_4_1_40B	31.07
Eubacterium_biforme_DSM_3989	18.67
Eubacterium_brachy_ATCC_33089	15.05
Eubacterium_cylindroides_T2_87	17.34
Eubacterium_desmolans_ATCC_43058	26.48
Eubacterium_dolichum_DSM_3991	17.97
Eubacterium_eligens_ATCC_27750	31.60
Eubacterium_hallii_DSM_3353	29.85
Eubacterium_hallii_L2_7	31.00
Eubacterium_limosum_KIST612	28.07
Eubacterium_ramulus_ATCC_29099	29.47
Eubacterium_rectale_ATCC_33656	29.62
Eubacterium_rectale_M104_1	31.02
Eubacterium_saphenum_ATCC_49989	12.85
Eubacterium_siraeum_70_3	26.02
Eubacterium_siraeum_DSM_15702	26.14
Eubacterium_sulci_ATCC_35585	19.65
Eubacterium_ventriosum_ATCC_27560	26.73
Exiguobacterium_aurantiacum_DSM_6208	24.56
Faecalibacterium_cf_prausnitzii_KLE1255	29.49
Faecalibacterium_prausnitzii_A2_165	28.13
Faecalibacterium_prausnitzii_L2_6	28.53
Faecalibacterium_prausnitzii_M21_2	29.40
Faecalibacterium_prausnitzii_SL3_3	29.23
Filifactor_alocis_ATCC_35896	16.88
Finegoldia_magna_ATCC_29328	14.89
Flavonifractor_plautii_ATCC_29863	28.82
Fusobacterium_gonidiaformans_3_1_5R	18.06
Fusobacterium_gonidiaformans_ATCC_25563	18.06
Fusobacterium_mortiferum_ATCC_9817	26.73
Fusobacterium_necrophorum_D12	20.79
Fusobacterium_nucleatum_subsp_animalis_3_1_33	19.04
Fusobacterium_nucleatum_subsp_animalis_7_1	19.04
Fusobacterium_nucleatum_subsp_animalis_D11	18.77
Fusobacterium_nucleatum_subsp_nucleatum_ATCC_25586	18.84
Fusobacterium_nucleatum_subsp_vincentii_3_1_27	18.59
Fusobacterium_nucleatum_subsp_vincentii_3_1_36A2	20.17
Fusobacterium_nucleatum_subsp_vincentii_4_1_13	18.59
Fusobacterium_periodonticum_1_1_41FAA	23.21
Fusobacterium_periodonticum_2_1_31	23.24
Fusobacterium_russii_ATCC_25533	20.71
Fusobacterium_sp_4_8	18.91
Fusobacterium_ulcerans_ATCC_49185	25.80
Fusobacterium_varium_ATCC_27725	24.84
Gemella_haemolysans_ATCC_10379	15.84
Gemella_morbillorum_M424	14.90
Gemella_sanguinis_ATCC700632	16.12
Gemella_sanguinis_M325	15.79
Geobacillus_stearothermophilus_ATCC_7953	28.82
Geobacillus_vulcani_PSS1	31.10
Gordonia_rubripertincta_NBRC_101908	29.47
Gordonia_terrae_C_6	29.47
Gordonia_terrae_NBRC_100016	29.47
Gordonibacter_pamelaeae_7_10_1_bT_DSM_19378	20.15
Granulicatella_adiacens_ATCC_49175	14.92
Granulicatella_elegans_ATCC_700633	12.91
Grimontia_hollisae_CIP_101886	27.51
Haemophilus_haemolyticus_M19501	26.28
Haemophilus_influenzae_R2846	26.73
Haemophilus_parainfluenzae_T3T1	25.23
Haemophilus_sputorum_CCUG_13788	26.73
Hafnia_alvei_ATCC_51873	32.52
Hafnia_alvei_BIDMC_31	32.19
Halococcus_morrhuae_DSM1307	17.13
Helicobacter_bilis_ATCC_43879	24.28
Helicobacter_canadensis_MIT_98_5491	25.93
Helicobacter_cinaedi_CCUG_18818	25.68
Helicobacter_pullorum_MIT_98_5489	25.24
Helicobacter_pylori_26695	19.68
Helicobacter_winghamensis_ATCC_BAA_430	25.73
Holdemania_filiformis_VPI_J1_31B_1_DSM_12042	17.82
Kallipyga_massiliensis_ph2	13.21
Kandleria_vitulina_DSM_20405	28.33
Kingella_oralis_ATCC_51147	24.69
Klebsiella_oxytoca_KCTC_1686	32.19
Klebsiella_pneumoniae_pneumoniae_MGH78578	32.19
Klebsiella_sp_1_1_55	32.11
Kluyvera_ascorbata_ATCC_33433	32.11
Kocuria_palustris_PEL	27.69
Kocuria_rhizophila_DC2201	27.08
Kurthia_massiliensis_JC30	28.32
Kytococcus_sedentarius_DSM_20547	23.70
Lachnospira_multipara_ATCC_19207	29.51
Lachnospiraceae_bacterium_sp_5_1_63FAA	27.62
Lachnospiraceae_bacterium_sp_8_1_57FAA	29.93
Lactobacillus_acidophilus_ATCC_4796	14.99
Lactobacillus_acidophilus_NCFM	14.99
Lactobacillus_amylolyticus_DSM_11664	15.06
Lactobacillus_amylovorus_GRL_1112	15.71
Lactobacillus_animalis_KCTC_3501	19.82
Lactobacillus_antri_DSM_16041	18.85
Lactobacillus_brevis_ATCC_367	15.08
Lactobacillus_brevis_subsp_gravesensis_ATCC_27305	26.38
Lactobacillus_buchneri_ATCC_11577	24.47
Lactobacillus_casei_ATCC_334	22.05
Lactobacillus_casei_casei_BL23	21.72
Lactobacillus_coleohominis_101_4_CHN	15.05
Lactobacillus_coryniformis_subsp_coryniformis_CECT_5711	27.89
Lactobacillus_crispatus_125_2_CHN	13.17
Lactobacillus_curvatus_CRL_705	12.16
Lactobacillus_delbrueckii_subsp_bulgaricus_ATCC_11842	15.23
Lactobacillus_delbrueckii_subsp_bulgaricus_ATCC_BAA_365	15.51
Lactobacillus_fermentum_ATCC_14931	21.62
Lactobacillus_fermentum_IFO_3956	22.40
Lactobacillus_gasseri_ATCC_33323	11.29
Lactobacillus_gastricus_PS3	22.79
Lactobacillus_helveticus_DPC_4571	15.79
Lactobacillus_helveticus_DSM_20075	15.11
Lactobacillus_hilgardii_ATCC_8290	24.33
Lactobacillus_iners_DSM_13335	9.08
Lactobacillus_jensenii_1153	10.13
Lactobacillus_johnsonii_DPC_6026	11.70
Lactobacillus_johnsonii_NCC_533	9.86
Lactobacillus_mucosae_LM1	22.12
Lactobacillus_oris_F0423	17.22
Lactobacillus_paracasei_subsp_paracasei_8700_2	21.80
Lactobacillus_paracasei_subsp_paracasei_ATCC_25302	21.80
Lactobacillus_pentosus_KCA1	26.67
Lactobacillus_plantarum_JDM1	24.54
Lactobacillus_plantarum_WCFS1	24.90
Lactobacillus_plantarum_subsp_plantarum_ATCC_14917	24.64
Lactobacillus_reuteri_F275_JCM_1112	20.03
Lactobacillus_reuteri_SD2112_ATCC_55730	19.92
Lactobacillus_rhamnosus_GG_ATCC_53103	22.45
Lactobacillus_rhamnosus_LMS2_1	21.79
Lactobacillus_ruminis_ATCC_25644	22.50
Lactobacillus_sakei_subsp_sakei_23K	15.29
Lactobacillus_salivarius_HO66_ATCC_11741	19.40
Lactobacillus_salivarius_salivarius_UCC118	19.40
Lactobacillus_ultunensis_DSM_16047	17.02
Lactobacillus_vaginalis_ATCC_49540	17.06
Lactococcus_garvieae_ATCC_49156	17.59
Lactococcus_lactis_subsp_lactis_Il1403	26.74
Lactococcus_raffinolactis_4877	27.78
Laribacter_hongkongensis_HLHK9	28.24
Lautropia_mirabilis_ATCC_51599	29.89
Leminorella_grimontii_ATCC_33999	31.00
Leptotrichia_buccalis_C_1013_b	28.25
Leuconostoc_argentinum_KCTC_3773	20.58
Leuconostoc_gelidum_JB7	22.42
Leuconostoc_lactis_KACC_91922	21.03
Leuconostoc_mesenteroides_subsp_cremoris_ATCC_19254	23.29
Listeria_grayi_DSM_20601	27.53
Listeria_monocytogenes_4a_L99	27.88
Listeria_monocytogenes_4b_F2365	28.27
Listeria_monocytogenes_FSL_R2_561	28.67
Listeria_monocytogenes_Finland_1988	28.67
Listeria_monocytogenes_J0161_FSL_R2_499	28.67
Listeria_monocytogenes_SLCC_2378	28.27
Listeria_monocytogenes_SLCC_2540	28.13
Listeria_monocytogenes_SLCC_7179	28.17
Listeria_monocytogenes_serotype_7_SLCC_2482	27.93
Lysinibacillus_fusiformis_ZB2	28.32
Lysinibacillus_sphaericus_C3_41	28.18
Marvinbryantia_formatexigens_I_52_DSM_14469	29.95
Megamonas_funiformis_YIT_11815	30.81
Megamonas_hypermegale_ART12_1	28.80
Megasphaera_elsdenii_DSM_20460	28.96
Melainabacterium_MEL_A1	21.40
Mesorhizobium_loti_MAFF303099	31.67
Methanobrevibacter_ruminantium_M1	18.17
Methanobrevibacter_smithii_ATCC_35061	18.18
Methanomassiliicoccus_luminyensis_B10	20.04
Methanosphaera_stadtmanae_DSM_3091	18.53
Methylobacterium_mesophilicum_SR1_6_6	30.77
Methylobacterium_populi_BJ001	30.22
Methylobacterium_radiotolerans_JCM_2831	30.77
Methyloversatilis_universalis_FAM5	28.14
Methyloversatilis_universalis_Fam50001	28.14
Microbacterium_gubbeenense_DSM_15944	27.66
Microbacterium_oleivorans_NBRC_103075	26.68
Micrococcus_luteus_NCTC_2665	26.50
Micromonospora_aurantiaca_ATCC_27029	29.64
Mitsuokella_jalaludinii_DSM_13811	29.30
Mitsuokella_multacida_DSM_20544	29.62
Mobiluncus_curtisii_ATCC_43063	22.42
Mogibacterium_timidum_ATCC_33093	14.02
Moraxella_catarrhalis_RH4	24.57
Morganella_morganii_subsp_morganii_KT	30.22
Mycobacterium_avium_subsp_avium_ATCC_25291	29.34
Mycobacterium_fortuitum_subsp_fortuitum_DSM_46621	29.73
Mycoplasma_hominis_ATCC_23114	4.23
Mycoplasma_pneumoniae_309	5.09
Neisseria_cinerea_ATCC_14685	24.82
Neisseria_elongata_subsp_glycolytica_ATCC_29315	27.38
Neisseria_flavescens_SK114	28.15
Neisseria_macacae_ATCC_33926	28.27
Neisseria_mucosa_ATCC_25996	28.27
Neisseria_subflava_NJ9703	28.27
Nevskia_ramosa_DSM_11499	28.83
Oceanobacillus_picturae_strain_S1	27.05
Ochrobactrum_anthropi_ATCC_49188	29.38
Ochrobactrum_intermedium_LMG_3301	28.91
Odoribacter_laneus_YIT_12061	27.32
Odoribacter_splanchnicus_1651_6_DSM_20712	26.74
Olsenella_profusa_F019501	27.64
Olsenella_uli_DSM_7084	21.08
Oribacterium_sinus_F0268	21.89
Oxalobacter_formigenes_HOxBLS	28.57
Oxalobacter_formigenes_OXCC13	28.37
Paenibacillus_alvei_DSM_29	30.02
Paenibacillus_barengoltzii_G22	31.57
Paenibacillus_daejeonensis_DSM_15491	30.73
Paenibacillus_lactis_154	30.99
Pantoea_agglomerans_IG1	30.50
Parabacteroides_distasonis_ATCC_8503	30.59
Parabacteroides_goldsteinii_dnLKV18	30.99
Parabacteroides_gordonii_DSM_23371	30.83
Parabacteroides_johnsonii_DSM_18315	29.51
Parabacteroides_merdae_ATCC_43184	29.89
Parabacteroides_sp_D13	30.59
Paracoccus_yeei_ATCC_BAA_599	31.21
Paraprevotella_clara_YIT_11840	29.47
Paraprevotella_xylaniphila_YIT_11841	29.47
Parasutterella_excrementihominis_YIT_11859	25.41
Parvimonas_micra_ATCC_33270	12.61
Pediococcus_acidilactici_7_4	15.09
Pediococcus_acidilactici_DSM_20284	14.95
Pediococcus_pentosaceus_ATCC_25745	16.60
Peptoniphilus_harei_ACS_146_V_Sch2b	15.72
Peptoniphilus_indolicus_ATCC_29427	19.99
Peptoniphilus_lacrimalis_DSM_7455	16.35
Peptoniphilus_timonensis_JC401	13.94
Peptostreptococcus_anaerobius_DSM_2949	20.01
Peptostreptococcus_stomatis_DSM_17678	21.44
Phascolarctobacterium_succinatutens_YIT_12067	26.95
Plesiomonas_shigelloides_302_73	28.54
Porphyromonas_asaccharolytica_DSM_20707	18.88
Porphyromonas_endodontalis_ATCC_35406	18.67
Porphyromonas_gingivalis_W83	19.75
Porphyromonas_somerae_DSM_23386	18.97
Porphyromonas_uenonis_60_3	19.00
Porphyromonas_uenonis_DSM_23387	19.00
Prevotella_albensis_DSM_11370	28.87
Prevotella_bivia_DSM_20514	19.76
Prevotella_brevis_ATCC_19188	29.39
Prevotella_bryantii_B14	29.44
Prevotella_bryantii_C21a	29.52
Prevotella_buccae_ATCC_33574	28.44
Prevotella_conceptionensis_9403948	19.82
Prevotella_copri_CB7_DSM_18205	28.14
Prevotella_corporis_DSM_18810	19.75
Prevotella_denticola_DSM20614	19.45
Prevotella_denticola_F0289	19.45
Prevotella_disiens_FB035_09AN	18.53
Prevotella_disiens_JCM_6334	17.80
Prevotella_enoeca_JCM_12259	18.82
Prevotella_intermedia_17	18.60
Prevotella_intermedia_ATCC_25611	18.58
Prevotella_loescheii_DSM_19665	20.97
Prevotella_melaninogenica_ATCC_25845	19.47
Prevotella_nanceiensis_DSM_19126	17.65
Prevotella_nigrescens_ATCC_33563	18.57
Prevotella_oralis_ATCC_33269	25.05
Prevotella_pallens_ATCC_700821	18.57
Prevotella_ruminicola_23	28.87
Prevotella_salivae_DSM_15606	23.53
Prevotella_shahii_JCM_12083	20.04
Prevotella_stercorea_DSM_18206	19.59
Prevotella_timonensis_4401737	18.17
Prevotella_timonensis_CRIS_5C_B1	18.98
Prevotella_veroralis_DSM_19559	18.40
Propionibacterium_acidipropionici_ATCC_4875	29.60
Propionibacterium_acnes_KPA171202	27.55
Propionibacterium_avidum_44067	29.27
Propionibacterium_freudenreichii_subsp_shermanii_CIRM_BIA1	28.80
Propionibacterium_granulosum_DSM_20700	23.58
Propionibacterium_jensenii_DSM_20535	28.48
Propionibacterium_propionicum_F0230a	27.07
Proteus_mirabilis_ATCC_29906	27.87
Proteus_penneri_ATCC_35198	27.28
Providencia_alcalifaciens_DSM_30120	28.73
Providencia_rettgeri_DSM_1131	28.73
Providencia_rustigianii_DSM_4541	29.13
Providencia_stuartii_ATCC_25827	29.33
Pseudobutyrivibrio_ruminis_AD2017	29.82
Pseudoflavonifractor_capillosus_strain_ATCC_29799	27.37
Pseudomonas_aeruginosa_NCGM2_S1	30.66
Pseudomonas_alcaliphila_34	30.12
Pseudomonas_fluorescens_PfO_1	30.66
Pseudomonas_monteilii_NBRC_103158	30.51
Pseudomonas_monteilii_QM	30.51
Pseudomonas_nitroreducens_HBP1	29.74
Pseudomonas_oleovorans_MOIL14HWK12	30.64
Pseudomonas_stutzeri_DSM_4166	29.30
Pseudoramibacter_alactolyticus_ATCC_23263	29.17
Pyramidobacter_piscolens_W5455	21.76
Ralstonia_sp_5_7_47FAA	29.28
Raoultella_planticola_ATCC_33531	31.11
Rhodococcus_equi_ATCC_33707	29.28
Rhodococcus_equi_NBRC_101255	29.28
Rhodococcus_erythropolis_PR4	29.18
Rhodococcus_rhodochrous_ATCC_21198	30.01
Roseburia_hominis_A2_183	30.74
Roseburia_intestinalis_L1_82	31.15
Roseburia_inulinivorans_DSM_16841	28.89
Roseomonas_mucosa_ATCC_BAA_692	30.44
Rothia_aeria_F0474	22.18
Rothia_dentocariosa_ATCC_17931	21.85
Rothia_mucilaginosa_DY_18	21.93
Rudanella_lutea_DSM_19387	29.65
Ruminococcaceae_bacterium_D16	29.38
Ruminococcus_albus_7	30.23
Ruminococcus_bicirculans_80_3	26.89
Ruminococcus_bromii_L2_63	25.04
Ruminococcus_callidus_ATCC_2776001	29.04
Ruminococcus_champanellensis_18P13	22.40
Ruminococcus_flavefaciens_ATCC_19208	28.58
Ruminococcus_flavefaciens_FD_1	29.68
Ruminococcus_gauvreauii_DSM_19829	29.66
Ruminococcus_gnavus_ATCC_29149	31.06
Ruminococcus_lactaris_ATCC_29176	29.18
Ruminococcus_obeum_A2_162	30.01
Ruminococcus_sp_5_1_39BFAA	30.36
Ruminococcus_sp_SR1_5	29.77
Ruminococcus_torques_ATCC_27756	29.93
Ruminococcus_torques_L2_14	30.10
Salmonella_enterica_enterica_sv_Typhimurium_LT2	31.99
Scardovia_inopinata_F0304	18.30
Schlesneria_paludicola_DSM_18645	28.85
Selenomonas_ruminantium_AC2024	30.62
Serratia_fonticola_RB_25	30.50
Serratia_liquefaciens_ATCC_27592	30.30
Serratia_marcescens_subsp_marcescens_Db11	30.30
Shigella_dysenteriae_Sd197	30.93
Shigella_flexneri_2002017	31.07
Shigella_sonnei_Ss046	31.07
Silanimonas_lenta_DSM_16282	27.18
Slackia_exigua_ATCC_700122	24.04
Slackia_piriformis_YIT_12062	22.83
Solobacterium_moorei_DSM_22971	14.87
Solobacterium_moorei_F0204	14.87
Sphingomonas_paucimobilis_HER1398	28.00
Spirosoma_linguale_DSM_74	28.77
Staphylococcus_arlettae_CVD059	26.57
Staphylococcus_aureus_subsp_aureus_USA300_FPR3757	25.41
Staphylococcus_capitis_CR0101	23.67
Staphylococcus_capitis_QN1	23.45
Staphylococcus_caprae_C87	23.45
Staphylococcus_cohnii_hu_01	26.61
Staphylococcus_epidermidis_ATCC_12228	25.08
Staphylococcus_equorum_subsp_equorum_Mu2	26.48
Staphylococcus_haemolyticus_JCSC1435	25.07
Staphylococcus_hominis_subsp_hominis_C80	23.67
Staphylococcus_lugdunensis_HKU09_01	24.14
Staphylococcus_pasteuri_SP1	24.67
Staphylococcus_pettenkoferi_VCU012	23.45
Staphylococcus_saprophyticus_subsp_saprophyticus_ATCC_15305	25.61
Staphylococcus_sciuri_subsp_sciuri_Z8	27.46
Staphylococcus_simulans_ACS_120_V_Sch1	26.45
Staphylococcus_vitulinus_F1028	26.46
Staphylococcus_warneri_SG1	26.07
Staphylococcus_xylosus_DMB3_Bh1	26.61
Staphylococcus_xylosus_NJ	26.61
Stenotrophomonas_maltophilia_D457	27.52
Stenotrophomonas_rhizophila_PCA13	27.92
Stoquefichus_massiliensis_AP9	26.51
Streptococcus_agalactiae_A909	22.17
Streptococcus_anginosus_1_2_62CV	20.18
Streptococcus_australis_ATCC_700641	23.16
Streptococcus_constellatus_subsp_constellatus_SK53	18.88
Streptococcus_constellatus_subsp_pharyngis_SK1060	18.68
Streptococcus_cristatus_ATCC_51100	22.04
Streptococcus_dysgalactiae_subsp_dysgalactiae_ATCC_27957	20.15
Streptococcus_equi_subsp_equi_4047	20.29
Streptococcus_equinus_ATCC_9812	27.05
Streptococcus_gallolyticus_subsp_gallolyticus_ATCC_43143	27.90
Streptococcus_gordonii_str_Challis_substr_CH1	25.08
Streptococcus_infantarius_subsp_infantarius_ATCC_BAA_102	26.78
Streptococcus_infantis_ATCC_700779	21.06
Streptococcus_intermedius_JTH08	19.81
Streptococcus_lutetiensis_033	26.53
Streptococcus_mitis_NCTC_12261	22.80
Streptococcus_mutans_ATCC_25175	25.51
Streptococcus_oralis_Uo5	23.14
Streptococcus_parasanguinis_ATCC_903	23.96
Streptococcus_parauberis_KCTC_11537	21.39
Streptococcus_peroris_ATCC_700780	19.85
Streptococcus_pleomorphus_DSM_20574	26.01
Streptococcus_pneumoniae_G54	24.48
Streptococcus_pseudopneumoniae_IS7493	24.18
Streptococcus_pyogenes_MGAS9429	17.11
Streptococcus_salivarius_JIM8777	25.68
Streptococcus_sanguinis_SK36	27.33
Streptococcus_sp_2_1_36FAA	24.73
Streptococcus_sp_I_G2	21.31
Streptococcus_sp_I_P16	24.16
Streptococcus_thermophilus_LMG_18311	24.34
Streptococcus_thoraltensis_DSM_12221	21.04
Streptococcus_uberis_0140J	21.99
Streptococcus_vestibularis_F0396	25.52
Subdoligranulum_variabile_DSM_15176	28.72
Succinatimonas_hippei_YIT_12066	28.25
Succinivibrio_dextrinosolvens_H5	28.61
Sulfolobus_solfataricus_P2	16.72
Sutterella_parvirubra_YIT_11816	19.55
Sutterella_wadsworthensis_3_1_45B	24.75
Tannerella_forsythia_ATCC_43037	24.42
Tatumella_ptyseos_ATCC_33301	26.62
Trabulsiella_guamensis_ATCC_49490	31.07
Tropheryma_whipplei_str_Twist	17.90
Trueperella_pyogenes_MS249	23.99
Ureaplasma_parvum_serovar_1_str_ATCC_27813	4.34
Ureaplasma_urealyticum_serovar_8_str_ATCC_27618	4.22
Ureibacillus_thermosphaericus_str_Thermo_BF	29.44
Varibaculum_cambriense_DSM_15806	24.17
Veillonella_atypica_ACS_049_V_Sch6	27.84
Veillonella_dispar_ATCC_17748	27.70
Veillonella_parvula_Te3_DSM_2008	27.57
Veillonella_ratti_ACS_216_V_Col6b	27.18
Veillonella_sp_3_1_44	27.37
Veillonella_sp_6_1_27	27.80
Vibrio_fluvialis_560	30.72
Vibrio_fluvialis_I21563	29.50
Vibrio_fluvialis_PG41	30.89
Vibrio_furnissii_NCTC_11218	30.72
Vibrio_mimicus_MB_451	30.77
Vibrio_parahaemolyticus_RIMD_2210633	31.09
Weissella_cibaria_KACC_11862	22.31
Weissella_confusa_LBAE_C39_2	18.94
Weissella_paramesenteroides_ATCC_33313	18.15
Yersinia_bercovieri_ATCC_43970	32.52
Yersinia_enterocolitica_subsp_enterocolitica_8081	32.52
Yersinia_frederiksenii_ATCC_33641	32.52
Yersinia_kristensenii_ATCC_33638	32.52
Yersinia_pseudotuberculosis_YPIII	30.50
Yersinia_rohdei_ATCC_43380	32.52
Yokenella_regensburgei_ATCC_43003	32.19
